nohup: ignoring input
🔄 ML 백그라운드 워커를 시작합니다... (3600초 주기)

========================================
🚀 ML 백그라운드 워커 구동 시작 (2026-04-07 14:47:36)
========================================

특징(Feature) 추출 및 스케일링 진행 중...
K-Means 모델 학습 중...

[군집화 결과 요약]
--------------------------------------------------
            for_count  while_count  if_count  switch_count  ternary_count  func_call_count  assign_count  line_count  max_nesting_depth  has_loop  loop_efficiency  has_infinite_while  execution_time    score
cluster_id                                                                                                                                                                                                     
0                 0.0       0.0000    0.0000           0.0            0.0           0.9655        0.7845      1.7500             0.0000    0.0000           0.0000              0.0000          0.0044  95.8290
1                 0.0       0.7742    1.1290           0.0            0.0           1.5484        1.2581      4.8065             1.9032    0.7742           1.0323              0.5161          0.0058  83.8269
2                 1.0       0.0000    0.3125           0.0            0.0           2.1250        0.9375      3.3750             1.3125    1.0000           2.9166              0.0000          0.0049  91.8229
--------------------------------------------------

✅ 학습 완료 및 모델 업데이트 성공! (총 학습 데이터: 163개)
💤 다음 학습까지 3600초 대기 중...

nohup: ignoring input
🔄 ML 백그라운드 워커를 시작합니다... (3600초 주기)

========================================
🚀 ML 백그라운드 워커 구동 시작 (2026-04-07 14:49:20)
========================================

특징(Feature) 추출 및 스케일링 진행 중...
K-Means 모델 학습 중...

[군집화 결과 요약]
--------------------------------------------------
            for_count  while_count  if_count  switch_count  ternary_count  func_call_count  assign_count  line_count  max_nesting_depth  has_loop  loop_efficiency  has_infinite_while  execution_time    score
cluster_id                                                                                                                                                                                                     
0                 0.0       0.0000    0.0000           0.0            0.0           0.9655        0.7845      1.7500             0.0000    0.0000           0.0000              0.0000          0.0044  95.8290
1                 0.0       0.7742    1.1290           0.0            0.0           1.5484        1.2581      4.8065             1.9032    0.7742           1.0323              0.5161          0.0058  83.8269
2                 1.0       0.0000    0.3125           0.0            0.0           2.1250        0.9375      3.3750             1.3125    1.0000           2.9166              0.0000          0.0049  91.8229
--------------------------------------------------

✅ 학습 완료 및 모델 업데이트 성공! (총 학습 데이터: 163개)
💤 다음 학습까지 3600초 대기 중...


========================================
🚀 ML 백그라운드 워커 구동 시작 (2026-04-07 15:49:20)
========================================

특징(Feature) 추출 및 스케일링 진행 중...
K-Means 모델 학습 중...

[군집화 결과 요약]
--------------------------------------------------
            for_count  while_count  if_count  switch_count  ternary_count  func_call_count  assign_count  line_count  max_nesting_depth  has_loop  loop_efficiency  has_infinite_while  execution_time    score
cluster_id                                                                                                                                                                                                     
0                 0.0       0.0000    0.0000           0.0            0.0           0.9661        0.7881      1.7542             0.0000    0.0000           0.0000              0.0000          0.0045  95.1365
1                 0.0       0.7576    1.1212           0.0            0.0           1.5455        1.2424      4.7576             1.8788    0.7576           1.0303              0.5152          0.0060  83.2080
2                 1.0       0.0000    0.4118           0.0            0.0           2.1765        0.9412      3.5294             1.4118    1.0000           2.8431              0.0000          0.0052  91.3210
--------------------------------------------------

✅ 학습 완료 및 모델 업데이트 성공! (총 학습 데이터: 168개)
💤 다음 학습까지 3600초 대기 중...


========================================
🚀 ML 백그라운드 워커 구동 시작 (2026-04-07 16:49:20)
========================================

특징(Feature) 추출 및 스케일링 진행 중...
K-Means 모델 학습 중...

[군집화 결과 요약]
--------------------------------------------------
            for_count  while_count  if_count  switch_count  ternary_count  func_call_count  assign_count  line_count  max_nesting_depth  has_loop  loop_efficiency  has_infinite_while  execution_time    score
cluster_id                                                                                                                                                                                                     
0                 0.0       0.0000    0.0000           0.0            0.0           0.9661        0.7881      1.7542             0.0000    0.0000           0.0000              0.0000          0.0045  95.1365
1                 0.0       0.7576    1.1212           0.0            0.0           1.5455        1.2424      4.7576             1.8788    0.7576           1.0303              0.5152          0.0060  83.2080
2                 1.0       0.0000    0.4118           0.0            0.0           2.1765        0.9412      3.5294             1.4118    1.0000           2.8431              0.0000          0.0052  91.3210
--------------------------------------------------

✅ 학습 완료 및 모델 업데이트 성공! (총 학습 데이터: 168개)
💤 다음 학습까지 3600초 대기 중...


========================================
🚀 ML 백그라운드 워커 구동 시작 (2026-04-07 17:49:20)
========================================

특징(Feature) 추출 및 스케일링 진행 중...
K-Means 모델 학습 중...

[군집화 결과 요약]
--------------------------------------------------
            for_count  while_count  if_count  switch_count  ternary_count  func_call_count  assign_count  line_count  max_nesting_depth  has_loop  loop_efficiency  has_infinite_while  execution_time    score
cluster_id                                                                                                                                                                                                     
0                 0.0       0.0000    0.0000           0.0            0.0           0.9661        0.7881      1.7542             0.0000    0.0000           0.0000              0.0000          0.0045  95.1365
1                 0.0       0.7576    1.1212           0.0            0.0           1.5455        1.2424      4.7576             1.8788    0.7576           1.0303              0.5152          0.0060  83.2080
2                 1.0       0.0000    0.4118           0.0            0.0           2.1765        0.9412      3.5294             1.4118    1.0000           2.8431              0.0000          0.0052  91.3210
--------------------------------------------------

✅ 학습 완료 및 모델 업데이트 성공! (총 학습 데이터: 168개)
💤 다음 학습까지 3600초 대기 중...


========================================
🚀 ML 백그라운드 워커 구동 시작 (2026-04-07 18:49:20)
========================================

특징(Feature) 추출 및 스케일링 진행 중...
K-Means 모델 학습 중...

[군집화 결과 요약]
--------------------------------------------------
            for_count  while_count  if_count  switch_count  ternary_count  func_call_count  assign_count  line_count  max_nesting_depth  has_loop  loop_efficiency  has_infinite_while  execution_time    score
cluster_id                                                                                                                                                                                                     
0                 0.0       0.0000    0.0000           0.0            0.0           0.9661        0.7881      1.7542             0.0000    0.0000           0.0000              0.0000          0.0045  95.1365
1                 0.0       0.7576    1.1212           0.0            0.0           1.5455        1.2424      4.7576             1.8788    0.7576           1.0303              0.5152          0.0060  83.2080
2                 1.0       0.0000    0.4118           0.0            0.0           2.1765        0.9412      3.5294             1.4118    1.0000           2.8431              0.0000          0.0052  91.3210
--------------------------------------------------

✅ 학습 완료 및 모델 업데이트 성공! (총 학습 데이터: 168개)
💤 다음 학습까지 3600초 대기 중...


========================================
🚀 ML 백그라운드 워커 구동 시작 (2026-04-07 19:49:20)
========================================

특징(Feature) 추출 및 스케일링 진행 중...
K-Means 모델 학습 중...

[군집화 결과 요약]
--------------------------------------------------
            for_count  while_count  if_count  switch_count  ternary_count  func_call_count  assign_count  line_count  max_nesting_depth  has_loop  loop_efficiency  has_infinite_while  execution_time    score
cluster_id                                                                                                                                                                                                     
0                 0.0       0.0000    0.0000           0.0            0.0           0.9661        0.7881      1.7542             0.0000    0.0000           0.0000              0.0000          0.0045  95.1365
1                 0.0       0.7576    1.1212           0.0            0.0           1.5455        1.2424      4.7576             1.8788    0.7576           1.0303              0.5152          0.0060  83.2080
2                 1.0       0.0000    0.4118           0.0            0.0           2.1765        0.9412      3.5294             1.4118    1.0000           2.8431              0.0000          0.0052  91.3210
--------------------------------------------------

✅ 학습 완료 및 모델 업데이트 성공! (총 학습 데이터: 168개)
💤 다음 학습까지 3600초 대기 중...


========================================
🚀 ML 백그라운드 워커 구동 시작 (2026-04-07 20:49:20)
========================================

특징(Feature) 추출 및 스케일링 진행 중...
K-Means 모델 학습 중...

[군집화 결과 요약]
--------------------------------------------------
            for_count  while_count  if_count  switch_count  ternary_count  func_call_count  assign_count  line_count  max_nesting_depth  has_loop  loop_efficiency  has_infinite_while  execution_time    score
cluster_id                                                                                                                                                                                                     
0                 0.0       0.0000    0.0000           0.0            0.0           0.9661        0.7881      1.7542             0.0000    0.0000           0.0000              0.0000          0.0045  95.1365
1                 0.0       0.7576    1.1212           0.0            0.0           1.5455        1.2424      4.7576             1.8788    0.7576           1.0303              0.5152          0.0060  83.2080
2                 1.0       0.0000    0.4118           0.0            0.0           2.1765        0.9412      3.5294             1.4118    1.0000           2.8431              0.0000          0.0052  91.3210
--------------------------------------------------

✅ 학습 완료 및 모델 업데이트 성공! (총 학습 데이터: 168개)
💤 다음 학습까지 3600초 대기 중...


========================================
🚀 ML 백그라운드 워커 구동 시작 (2026-04-07 21:49:20)
========================================

특징(Feature) 추출 및 스케일링 진행 중...
K-Means 모델 학습 중...

[군집화 결과 요약]
--------------------------------------------------
            for_count  while_count  if_count  switch_count  ternary_count  func_call_count  assign_count  line_count  max_nesting_depth  has_loop  loop_efficiency  has_infinite_while  execution_time    score
cluster_id                                                                                                                                                                                                     
0                 0.0       0.0000    0.0000           0.0            0.0           0.9661        0.7881      1.7542             0.0000    0.0000           0.0000              0.0000          0.0045  95.1365
1                 0.0       0.7576    1.1212           0.0            0.0           1.5455        1.2424      4.7576             1.8788    0.7576           1.0303              0.5152          0.0060  83.2080
2                 1.0       0.0000    0.4118           0.0            0.0           2.1765        0.9412      3.5294             1.4118    1.0000           2.8431              0.0000          0.0052  91.3210
--------------------------------------------------

✅ 학습 완료 및 모델 업데이트 성공! (총 학습 데이터: 168개)
💤 다음 학습까지 3600초 대기 중...


========================================
🚀 ML 백그라운드 워커 구동 시작 (2026-04-07 22:49:20)
========================================

특징(Feature) 추출 및 스케일링 진행 중...
K-Means 모델 학습 중...

[군집화 결과 요약]
--------------------------------------------------
            for_count  while_count  if_count  switch_count  ternary_count  func_call_count  assign_count  line_count  max_nesting_depth  has_loop  loop_efficiency  has_infinite_while  execution_time    score
cluster_id                                                                                                                                                                                                     
0                 0.0       0.0000    0.0000           0.0            0.0           0.9661        0.7881      1.7542             0.0000    0.0000           0.0000              0.0000          0.0045  95.1365
1                 0.0       0.7576    1.1212           0.0            0.0           1.5455        1.2424      4.7576             1.8788    0.7576           1.0303              0.5152          0.0060  83.2080
2                 1.0       0.0000    0.4118           0.0            0.0           2.1765        0.9412      3.5294             1.4118    1.0000           2.8431              0.0000          0.0052  91.3210
--------------------------------------------------

✅ 학습 완료 및 모델 업데이트 성공! (총 학습 데이터: 168개)
💤 다음 학습까지 3600초 대기 중...


========================================
🚀 ML 백그라운드 워커 구동 시작 (2026-04-07 23:49:20)
========================================

특징(Feature) 추출 및 스케일링 진행 중...
K-Means 모델 학습 중...

[군집화 결과 요약]
--------------------------------------------------
            for_count  while_count  if_count  switch_count  ternary_count  func_call_count  assign_count  line_count  max_nesting_depth  has_loop  loop_efficiency  has_infinite_while  execution_time    score
cluster_id                                                                                                                                                                                                     
0                 0.0       0.0000    0.0000           0.0            0.0           0.9661        0.7881      1.7542             0.0000    0.0000           0.0000              0.0000          0.0045  95.1365
1                 0.0       0.7576    1.1212           0.0            0.0           1.5455        1.2424      4.7576             1.8788    0.7576           1.0303              0.5152          0.0060  83.2080
2                 1.0       0.0000    0.4118           0.0            0.0           2.1765        0.9412      3.5294             1.4118    1.0000           2.8431              0.0000          0.0052  91.3210
--------------------------------------------------

✅ 학습 완료 및 모델 업데이트 성공! (총 학습 데이터: 168개)
💤 다음 학습까지 3600초 대기 중...


========================================
🚀 ML 백그라운드 워커 구동 시작 (2026-04-08 00:49:20)
========================================

특징(Feature) 추출 및 스케일링 진행 중...
K-Means 모델 학습 중...

[군집화 결과 요약]
--------------------------------------------------
            for_count  while_count  if_count  switch_count  ternary_count  func_call_count  assign_count  line_count  max_nesting_depth  has_loop  loop_efficiency  has_infinite_while  execution_time    score
cluster_id                                                                                                                                                                                                     
0                 0.0       0.0000    0.0000           0.0            0.0           0.9661        0.7881      1.7542             0.0000    0.0000           0.0000              0.0000          0.0045  95.1365
1                 0.0       0.7576    1.1212           0.0            0.0           1.5455        1.2424      4.7576             1.8788    0.7576           1.0303              0.5152          0.0060  83.2080
2                 1.0       0.0000    0.4118           0.0            0.0           2.1765        0.9412      3.5294             1.4118    1.0000           2.8431              0.0000          0.0052  91.3210
--------------------------------------------------

✅ 학습 완료 및 모델 업데이트 성공! (총 학습 데이터: 168개)
💤 다음 학습까지 3600초 대기 중...


========================================
🚀 ML 백그라운드 워커 구동 시작 (2026-04-08 01:49:21)
========================================

특징(Feature) 추출 및 스케일링 진행 중...
K-Means 모델 학습 중...

[군집화 결과 요약]
--------------------------------------------------
            for_count  while_count  if_count  switch_count  ternary_count  func_call_count  assign_count  line_count  max_nesting_depth  has_loop  loop_efficiency  has_infinite_while  execution_time    score
cluster_id                                                                                                                                                                                                     
0                 0.0       0.0000    0.0000           0.0            0.0           0.9661        0.7881      1.7542             0.0000    0.0000           0.0000              0.0000          0.0045  95.1365
1                 0.0       0.7576    1.1212           0.0            0.0           1.5455        1.2424      4.7576             1.8788    0.7576           1.0303              0.5152          0.0060  83.2080
2                 1.0       0.0000    0.4118           0.0            0.0           2.1765        0.9412      3.5294             1.4118    1.0000           2.8431              0.0000          0.0052  91.3210
--------------------------------------------------

✅ 학습 완료 및 모델 업데이트 성공! (총 학습 데이터: 168개)
💤 다음 학습까지 3600초 대기 중...


========================================
🚀 ML 백그라운드 워커 구동 시작 (2026-04-08 02:49:21)
========================================

특징(Feature) 추출 및 스케일링 진행 중...
K-Means 모델 학습 중...

[군집화 결과 요약]
--------------------------------------------------
            for_count  while_count  if_count  switch_count  ternary_count  func_call_count  assign_count  line_count  max_nesting_depth  has_loop  loop_efficiency  has_infinite_while  execution_time    score
cluster_id                                                                                                                                                                                                     
0                 0.0       0.0000    0.0000           0.0            0.0           0.9661        0.7881      1.7542             0.0000    0.0000           0.0000              0.0000          0.0045  95.1365
1                 0.0       0.7576    1.1212           0.0            0.0           1.5455        1.2424      4.7576             1.8788    0.7576           1.0303              0.5152          0.0060  83.2080
2                 1.0       0.0000    0.4118           0.0            0.0           2.1765        0.9412      3.5294             1.4118    1.0000           2.8431              0.0000          0.0052  91.3210
--------------------------------------------------

✅ 학습 완료 및 모델 업데이트 성공! (총 학습 데이터: 168개)
💤 다음 학습까지 3600초 대기 중...


========================================
🚀 ML 백그라운드 워커 구동 시작 (2026-04-08 03:49:21)
========================================

특징(Feature) 추출 및 스케일링 진행 중...
K-Means 모델 학습 중...

[군집화 결과 요약]
--------------------------------------------------
            for_count  while_count  if_count  switch_count  ternary_count  func_call_count  assign_count  line_count  max_nesting_depth  has_loop  loop_efficiency  has_infinite_while  execution_time    score
cluster_id                                                                                                                                                                                                     
0                 0.0       0.0000    0.0000           0.0            0.0           0.9661        0.7881      1.7542             0.0000    0.0000           0.0000              0.0000          0.0045  95.1365
1                 0.0       0.7576    1.1212           0.0            0.0           1.5455        1.2424      4.7576             1.8788    0.7576           1.0303              0.5152          0.0060  83.2080
2                 1.0       0.0000    0.4118           0.0            0.0           2.1765        0.9412      3.5294             1.4118    1.0000           2.8431              0.0000          0.0052  91.3210
--------------------------------------------------

✅ 학습 완료 및 모델 업데이트 성공! (총 학습 데이터: 168개)
💤 다음 학습까지 3600초 대기 중...


========================================
🚀 ML 백그라운드 워커 구동 시작 (2026-04-08 04:49:21)
========================================

특징(Feature) 추출 및 스케일링 진행 중...
K-Means 모델 학습 중...

[군집화 결과 요약]
--------------------------------------------------
            for_count  while_count  if_count  switch_count  ternary_count  func_call_count  assign_count  line_count  max_nesting_depth  has_loop  loop_efficiency  has_infinite_while  execution_time    score
cluster_id                                                                                                                                                                                                     
0                 0.0       0.0000    0.0000           0.0            0.0           0.9661        0.7881      1.7542             0.0000    0.0000           0.0000              0.0000          0.0045  95.1365
1                 0.0       0.7576    1.1212           0.0            0.0           1.5455        1.2424      4.7576             1.8788    0.7576           1.0303              0.5152          0.0060  83.2080
2                 1.0       0.0000    0.4118           0.0            0.0           2.1765        0.9412      3.5294             1.4118    1.0000           2.8431              0.0000          0.0052  91.3210
--------------------------------------------------

✅ 학습 완료 및 모델 업데이트 성공! (총 학습 데이터: 168개)
💤 다음 학습까지 3600초 대기 중...


========================================
🚀 ML 백그라운드 워커 구동 시작 (2026-04-08 05:49:21)
========================================

특징(Feature) 추출 및 스케일링 진행 중...
K-Means 모델 학습 중...

[군집화 결과 요약]
--------------------------------------------------
            for_count  while_count  if_count  switch_count  ternary_count  func_call_count  assign_count  line_count  max_nesting_depth  has_loop  loop_efficiency  has_infinite_while  execution_time    score
cluster_id                                                                                                                                                                                                     
0                 0.0       0.0000    0.0000           0.0            0.0           0.9661        0.7881      1.7542             0.0000    0.0000           0.0000              0.0000          0.0045  95.1365
1                 0.0       0.7576    1.1212           0.0            0.0           1.5455        1.2424      4.7576             1.8788    0.7576           1.0303              0.5152          0.0060  83.2080
2                 1.0       0.0000    0.4118           0.0            0.0           2.1765        0.9412      3.5294             1.4118    1.0000           2.8431              0.0000          0.0052  91.3210
--------------------------------------------------

✅ 학습 완료 및 모델 업데이트 성공! (총 학습 데이터: 168개)
💤 다음 학습까지 3600초 대기 중...


========================================
🚀 ML 백그라운드 워커 구동 시작 (2026-04-08 06:49:21)
========================================

특징(Feature) 추출 및 스케일링 진행 중...
K-Means 모델 학습 중...

[군집화 결과 요약]
--------------------------------------------------
            for_count  while_count  if_count  switch_count  ternary_count  func_call_count  assign_count  line_count  max_nesting_depth  has_loop  loop_efficiency  has_infinite_while  execution_time    score
cluster_id                                                                                                                                                                                                     
0                 0.0       0.0000    0.0000           0.0            0.0           0.9661        0.7881      1.7542             0.0000    0.0000           0.0000              0.0000          0.0045  95.1365
1                 0.0       0.7576    1.1212           0.0            0.0           1.5455        1.2424      4.7576             1.8788    0.7576           1.0303              0.5152          0.0060  83.2080
2                 1.0       0.0000    0.4118           0.0            0.0           2.1765        0.9412      3.5294             1.4118    1.0000           2.8431              0.0000          0.0052  91.3210
--------------------------------------------------

✅ 학습 완료 및 모델 업데이트 성공! (총 학습 데이터: 168개)
💤 다음 학습까지 3600초 대기 중...


========================================
🚀 ML 백그라운드 워커 구동 시작 (2026-04-08 07:49:21)
========================================

특징(Feature) 추출 및 스케일링 진행 중...
K-Means 모델 학습 중...

[군집화 결과 요약]
--------------------------------------------------
            for_count  while_count  if_count  switch_count  ternary_count  func_call_count  assign_count  line_count  max_nesting_depth  has_loop  loop_efficiency  has_infinite_while  execution_time    score
cluster_id                                                                                                                                                                                                     
0                 0.0       0.0000    0.0000           0.0            0.0           0.9661        0.7881      1.7542             0.0000    0.0000           0.0000              0.0000          0.0045  95.1365
1                 0.0       0.7576    1.1212           0.0            0.0           1.5455        1.2424      4.7576             1.8788    0.7576           1.0303              0.5152          0.0060  83.2080
2                 1.0       0.0000    0.4118           0.0            0.0           2.1765        0.9412      3.5294             1.4118    1.0000           2.8431              0.0000          0.0052  91.3210
--------------------------------------------------

✅ 학습 완료 및 모델 업데이트 성공! (총 학습 데이터: 168개)
💤 다음 학습까지 3600초 대기 중...


========================================
🚀 ML 백그라운드 워커 구동 시작 (2026-04-08 08:49:21)
========================================

특징(Feature) 추출 및 스케일링 진행 중...
K-Means 모델 학습 중...

[군집화 결과 요약]
--------------------------------------------------
            for_count  while_count  if_count  switch_count  ternary_count  func_call_count  assign_count  line_count  max_nesting_depth  has_loop  loop_efficiency  has_infinite_while  execution_time    score
cluster_id                                                                                                                                                                                                     
0                 0.0       0.0000    0.0000           0.0            0.0           0.9661        0.7881      1.7542             0.0000    0.0000           0.0000              0.0000          0.0045  95.1365
1                 0.0       0.7576    1.1212           0.0            0.0           1.5455        1.2424      4.7576             1.8788    0.7576           1.0303              0.5152          0.0060  83.2080
2                 1.0       0.0000    0.4118           0.0            0.0           2.1765        0.9412      3.5294             1.4118    1.0000           2.8431              0.0000          0.0052  91.3210
--------------------------------------------------

✅ 학습 완료 및 모델 업데이트 성공! (총 학습 데이터: 168개)
💤 다음 학습까지 3600초 대기 중...


========================================
🚀 ML 백그라운드 워커 구동 시작 (2026-04-08 09:49:21)
========================================

특징(Feature) 추출 및 스케일링 진행 중...
K-Means 모델 학습 중...

[군집화 결과 요약]
--------------------------------------------------
            for_count  while_count  if_count  switch_count  ternary_count  func_call_count  assign_count  line_count  max_nesting_depth  has_loop  loop_efficiency  has_infinite_while  execution_time    score
cluster_id                                                                                                                                                                                                     
0                 0.0       0.0000    0.0000           0.0            0.0           0.9661        0.7881      1.7542             0.0000    0.0000           0.0000              0.0000          0.0045  95.1365
1                 0.0       0.7576    1.1212           0.0            0.0           1.5455        1.2424      4.7576             1.8788    0.7576           1.0303              0.5152          0.0060  83.2080
2                 1.0       0.0000    0.4118           0.0            0.0           2.1765        0.9412      3.5294             1.4118    1.0000           2.8431              0.0000          0.0052  91.3210
--------------------------------------------------

✅ 학습 완료 및 모델 업데이트 성공! (총 학습 데이터: 168개)
💤 다음 학습까지 3600초 대기 중...


========================================
🚀 ML 백그라운드 워커 구동 시작 (2026-04-08 10:49:21)
========================================

특징(Feature) 추출 및 스케일링 진행 중...
K-Means 모델 학습 중...

[군집화 결과 요약]
--------------------------------------------------
            for_count  while_count  if_count  switch_count  ternary_count  func_call_count  assign_count  line_count  max_nesting_depth  has_loop  loop_efficiency  has_infinite_while  execution_time    score
cluster_id                                                                                                                                                                                                     
0                 0.0       0.0000    0.0000           0.0            0.0           0.9661        0.7881      1.7542             0.0000    0.0000           0.0000              0.0000          0.0045  95.1365
1                 0.0       0.7576    1.1212           0.0            0.0           1.5455        1.2424      4.7576             1.8788    0.7576           1.0303              0.5152          0.0060  83.2080
2                 1.0       0.0000    0.4118           0.0            0.0           2.1765        0.9412      3.5294             1.4118    1.0000           2.8431              0.0000          0.0052  91.3210
--------------------------------------------------

✅ 학습 완료 및 모델 업데이트 성공! (총 학습 데이터: 168개)
💤 다음 학습까지 3600초 대기 중...


========================================
🚀 ML 백그라운드 워커 구동 시작 (2026-04-08 11:49:23)
========================================

특징(Feature) 추출 및 스케일링 진행 중...
K-Means 모델 학습 중...

[군집화 결과 요약]
--------------------------------------------------
            for_count  while_count  if_count  switch_count  ternary_count  func_call_count  assign_count  line_count  max_nesting_depth  has_loop  loop_efficiency  has_infinite_while  execution_time    score
cluster_id                                                                                                                                                                                                     
0                 0.0       0.0000    0.0000           0.0            0.0           0.9661        0.7881      1.7542             0.0000    0.0000           0.0000              0.0000          0.0045  95.1365
1                 0.0       0.7576    1.1212           0.0            0.0           1.5455        1.2424      4.7576             1.8788    0.7576           1.0303              0.5152          0.0060  83.2080
2                 1.0       0.0000    0.4118           0.0            0.0           2.1765        0.9412      3.5294             1.4118    1.0000           2.8431              0.0000          0.0052  91.3210
--------------------------------------------------

✅ 학습 완료 및 모델 업데이트 성공! (총 학습 데이터: 168개)
💤 다음 학습까지 3600초 대기 중...


========================================
🚀 ML 백그라운드 워커 구동 시작 (2026-04-08 12:49:23)
========================================

특징(Feature) 추출 및 스케일링 진행 중...
K-Means 모델 학습 중...

[군집화 결과 요약]
--------------------------------------------------
            for_count  while_count  if_count  switch_count  ternary_count  func_call_count  assign_count  line_count  max_nesting_depth  has_loop  loop_efficiency  has_infinite_while  execution_time    score
cluster_id                                                                                                                                                                                                     
0                 0.0       0.0000    0.0000           0.0            0.0           0.9661        0.7881      1.7542             0.0000    0.0000           0.0000              0.0000          0.0045  95.1365
1                 0.0       0.7576    1.1212           0.0            0.0           1.5455        1.2424      4.7576             1.8788    0.7576           1.0303              0.5152          0.0060  83.2080
2                 1.0       0.0000    0.4118           0.0            0.0           2.1765        0.9412      3.5294             1.4118    1.0000           2.8431              0.0000          0.0052  91.3210
--------------------------------------------------

✅ 학습 완료 및 모델 업데이트 성공! (총 학습 데이터: 168개)
💤 다음 학습까지 3600초 대기 중...


========================================
🚀 ML 백그라운드 워커 구동 시작 (2026-04-08 13:49:23)
========================================

특징(Feature) 추출 및 스케일링 진행 중...
K-Means 모델 학습 중...

[군집화 결과 요약]
--------------------------------------------------
            for_count  while_count  if_count  switch_count  ternary_count  func_call_count  assign_count  line_count  max_nesting_depth  has_loop  loop_efficiency  has_infinite_while  execution_time    score
cluster_id                                                                                                                                                                                                     
0                 0.0       0.0000    0.0000           0.0            0.0           0.9661        0.7881      1.7542             0.0000    0.0000           0.0000              0.0000          0.0045  95.1365
1                 0.0       0.7576    1.1212           0.0            0.0           1.5455        1.2424      4.7576             1.8788    0.7576           1.0303              0.5152          0.0060  83.2080
2                 1.0       0.0000    0.4118           0.0            0.0           2.1765        0.9412      3.5294             1.4118    1.0000           2.8431              0.0000          0.0052  91.3210
--------------------------------------------------

✅ 학습 완료 및 모델 업데이트 성공! (총 학습 데이터: 168개)
💤 다음 학습까지 3600초 대기 중...


========================================
🚀 ML 백그라운드 워커 구동 시작 (2026-04-08 14:49:23)
========================================

특징(Feature) 추출 및 스케일링 진행 중...
K-Means 모델 학습 중...

[군집화 결과 요약]
--------------------------------------------------
            for_count  while_count  if_count  switch_count  ternary_count  func_call_count  assign_count  line_count  max_nesting_depth  has_loop  loop_efficiency  has_infinite_while  execution_time    score
cluster_id                                                                                                                                                                                                     
0                 0.0       0.0000    0.0000           0.0            0.0           0.9661        0.7881      1.7542             0.0000    0.0000           0.0000              0.0000          0.0045  95.1365
1                 0.0       0.7576    1.1212           0.0            0.0           1.5455        1.2424      4.7576             1.8788    0.7576           1.0303              0.5152          0.0060  83.2080
2                 1.0       0.0000    0.4118           0.0            0.0           2.1765        0.9412      3.5294             1.4118    1.0000           2.8431              0.0000          0.0052  91.3210
--------------------------------------------------

✅ 학습 완료 및 모델 업데이트 성공! (총 학습 데이터: 168개)
💤 다음 학습까지 3600초 대기 중...


========================================
🚀 ML 백그라운드 워커 구동 시작 (2026-04-08 15:49:23)
========================================

특징(Feature) 추출 및 스케일링 진행 중...
K-Means 모델 학습 중...

[군집화 결과 요약]
--------------------------------------------------
            for_count  while_count  if_count  switch_count  ternary_count  func_call_count  assign_count  line_count  max_nesting_depth  has_loop  loop_efficiency  has_infinite_while  execution_time    score
cluster_id                                                                                                                                                                                                     
0                 0.0       0.0000    0.0000           0.0            0.0           0.9661        0.7881      1.7542             0.0000    0.0000           0.0000              0.0000          0.0045  95.1365
1                 0.0       0.7576    1.1212           0.0            0.0           1.5455        1.2424      4.7576             1.8788    0.7576           1.0303              0.5152          0.0060  83.2080
2                 1.0       0.0000    0.4118           0.0            0.0           2.1765        0.9412      3.5294             1.4118    1.0000           2.8431              0.0000          0.0052  91.3210
--------------------------------------------------

✅ 학습 완료 및 모델 업데이트 성공! (총 학습 데이터: 168개)
💤 다음 학습까지 3600초 대기 중...


========================================
🚀 ML 백그라운드 워커 구동 시작 (2026-04-08 16:49:23)
========================================

특징(Feature) 추출 및 스케일링 진행 중...
K-Means 모델 학습 중...

[군집화 결과 요약]
--------------------------------------------------
            for_count  while_count  if_count  switch_count  ternary_count  func_call_count  assign_count  line_count  max_nesting_depth  has_loop  loop_efficiency  has_infinite_while  execution_time    score
cluster_id                                                                                                                                                                                                     
0                 0.0       0.0000    0.0000           0.0            0.0           0.9661        0.7881      1.7542             0.0000    0.0000           0.0000              0.0000          0.0045  95.1365
1                 0.0       0.7576    1.1212           0.0            0.0           1.5455        1.2424      4.7576             1.8788    0.7576           1.0303              0.5152          0.0060  83.2080
2                 1.0       0.0000    0.4118           0.0            0.0           2.1765        0.9412      3.5294             1.4118    1.0000           2.8431              0.0000          0.0052  91.3210
--------------------------------------------------

✅ 학습 완료 및 모델 업데이트 성공! (총 학습 데이터: 168개)
💤 다음 학습까지 3600초 대기 중...


========================================
🚀 ML 백그라운드 워커 구동 시작 (2026-04-08 17:49:23)
========================================

특징(Feature) 추출 및 스케일링 진행 중...
K-Means 모델 학습 중...

[군집화 결과 요약]
--------------------------------------------------
            for_count  while_count  if_count  switch_count  ternary_count  func_call_count  assign_count  line_count  max_nesting_depth  has_loop  loop_efficiency  has_infinite_while  execution_time    score
cluster_id                                                                                                                                                                                                     
0                 0.0       0.0000    0.0000           0.0            0.0           0.9661        0.7881      1.7542             0.0000    0.0000           0.0000              0.0000          0.0045  95.1365
1                 0.0       0.7576    1.1212           0.0            0.0           1.5455        1.2424      4.7576             1.8788    0.7576           1.0303              0.5152          0.0060  83.2080
2                 1.0       0.0000    0.4118           0.0            0.0           2.1765        0.9412      3.5294             1.4118    1.0000           2.8431              0.0000          0.0052  91.3210
--------------------------------------------------

✅ 학습 완료 및 모델 업데이트 성공! (총 학습 데이터: 168개)
💤 다음 학습까지 3600초 대기 중...


========================================
🚀 ML 백그라운드 워커 구동 시작 (2026-04-08 18:49:24)
========================================

특징(Feature) 추출 및 스케일링 진행 중...
K-Means 모델 학습 중...

[군집화 결과 요약]
--------------------------------------------------
            for_count  while_count  if_count  switch_count  ternary_count  func_call_count  assign_count  line_count  max_nesting_depth  has_loop  loop_efficiency  has_infinite_while  execution_time    score
cluster_id                                                                                                                                                                                                     
0                 0.0       0.0000    0.0000           0.0            0.0           0.9661        0.7881      1.7542             0.0000    0.0000           0.0000              0.0000          0.0045  95.1365
1                 0.0       0.7576    1.1212           0.0            0.0           1.5455        1.2424      4.7576             1.8788    0.7576           1.0303              0.5152          0.0060  83.2080
2                 1.0       0.0000    0.4118           0.0            0.0           2.1765        0.9412      3.5294             1.4118    1.0000           2.8431              0.0000          0.0052  91.3210
--------------------------------------------------

✅ 학습 완료 및 모델 업데이트 성공! (총 학습 데이터: 168개)
💤 다음 학습까지 3600초 대기 중...


========================================
🚀 ML 백그라운드 워커 구동 시작 (2026-04-08 19:49:24)
========================================

특징(Feature) 추출 및 스케일링 진행 중...
K-Means 모델 학습 중...

[군집화 결과 요약]
--------------------------------------------------
            for_count  while_count  if_count  switch_count  ternary_count  func_call_count  assign_count  line_count  max_nesting_depth  has_loop  loop_efficiency  has_infinite_while  execution_time    score
cluster_id                                                                                                                                                                                                     
0                 0.0       0.0000    0.0000           0.0            0.0           0.9661        0.7881      1.7542             0.0000    0.0000           0.0000              0.0000          0.0045  95.1365
1                 0.0       0.7576    1.1212           0.0            0.0           1.5455        1.2424      4.7576             1.8788    0.7576           1.0303              0.5152          0.0060  83.2080
2                 1.0       0.0000    0.4118           0.0            0.0           2.1765        0.9412      3.5294             1.4118    1.0000           2.8431              0.0000          0.0052  91.3210
--------------------------------------------------

✅ 학습 완료 및 모델 업데이트 성공! (총 학습 데이터: 168개)
💤 다음 학습까지 3600초 대기 중...


========================================
🚀 ML 백그라운드 워커 구동 시작 (2026-04-08 20:49:24)
========================================

특징(Feature) 추출 및 스케일링 진행 중...
K-Means 모델 학습 중...

[군집화 결과 요약]
--------------------------------------------------
            for_count  while_count  if_count  switch_count  ternary_count  func_call_count  assign_count  line_count  max_nesting_depth  has_loop  loop_efficiency  has_infinite_while  execution_time    score
cluster_id                                                                                                                                                                                                     
0                 0.0       0.0000    0.0000           0.0            0.0           0.9661        0.7881      1.7542             0.0000    0.0000           0.0000              0.0000          0.0045  95.1365
1                 0.0       0.7576    1.1212           0.0            0.0           1.5455        1.2424      4.7576             1.8788    0.7576           1.0303              0.5152          0.0060  83.2080
2                 1.0       0.0000    0.4118           0.0            0.0           2.1765        0.9412      3.5294             1.4118    1.0000           2.8431              0.0000          0.0052  91.3210
--------------------------------------------------

✅ 학습 완료 및 모델 업데이트 성공! (총 학습 데이터: 168개)
💤 다음 학습까지 3600초 대기 중...


========================================
🚀 ML 백그라운드 워커 구동 시작 (2026-04-08 21:49:24)
========================================

특징(Feature) 추출 및 스케일링 진행 중...
K-Means 모델 학습 중...

[군집화 결과 요약]
--------------------------------------------------
            for_count  while_count  if_count  switch_count  ternary_count  func_call_count  assign_count  line_count  max_nesting_depth  has_loop  loop_efficiency  has_infinite_while  execution_time    score
cluster_id                                                                                                                                                                                                     
0                 0.0       0.0000    0.0000           0.0            0.0           0.9661        0.7881      1.7542             0.0000    0.0000           0.0000              0.0000          0.0045  95.1365
1                 0.0       0.7576    1.1212           0.0            0.0           1.5455        1.2424      4.7576             1.8788    0.7576           1.0303              0.5152          0.0060  83.2080
2                 1.0       0.0000    0.4118           0.0            0.0           2.1765        0.9412      3.5294             1.4118    1.0000           2.8431              0.0000          0.0052  91.3210
--------------------------------------------------

✅ 학습 완료 및 모델 업데이트 성공! (총 학습 데이터: 168개)
💤 다음 학습까지 3600초 대기 중...


========================================
🚀 ML 백그라운드 워커 구동 시작 (2026-04-08 22:49:24)
========================================

특징(Feature) 추출 및 스케일링 진행 중...
K-Means 모델 학습 중...

[군집화 결과 요약]
--------------------------------------------------
            for_count  while_count  if_count  switch_count  ternary_count  func_call_count  assign_count  line_count  max_nesting_depth  has_loop  loop_efficiency  has_infinite_while  execution_time    score
cluster_id                                                                                                                                                                                                     
0                 0.0       0.0000    0.0000           0.0            0.0           0.9661        0.7881      1.7542             0.0000    0.0000           0.0000              0.0000          0.0045  95.1365
1                 0.0       0.7576    1.1212           0.0            0.0           1.5455        1.2424      4.7576             1.8788    0.7576           1.0303              0.5152          0.0060  83.2080
2                 1.0       0.0000    0.4118           0.0            0.0           2.1765        0.9412      3.5294             1.4118    1.0000           2.8431              0.0000          0.0052  91.3210
--------------------------------------------------

✅ 학습 완료 및 모델 업데이트 성공! (총 학습 데이터: 168개)
💤 다음 학습까지 3600초 대기 중...


========================================
🚀 ML 백그라운드 워커 구동 시작 (2026-04-08 23:49:24)
========================================

특징(Feature) 추출 및 스케일링 진행 중...
K-Means 모델 학습 중...

[군집화 결과 요약]
--------------------------------------------------
            for_count  while_count  if_count  switch_count  ternary_count  func_call_count  assign_count  line_count  max_nesting_depth  has_loop  loop_efficiency  has_infinite_while  execution_time    score
cluster_id                                                                                                                                                                                                     
0                 0.0       0.0000    0.0000           0.0            0.0           0.9661        0.7881      1.7542             0.0000    0.0000           0.0000              0.0000          0.0045  95.1365
1                 0.0       0.7576    1.1212           0.0            0.0           1.5455        1.2424      4.7576             1.8788    0.7576           1.0303              0.5152          0.0060  83.2080
2                 1.0       0.0000    0.4118           0.0            0.0           2.1765        0.9412      3.5294             1.4118    1.0000           2.8431              0.0000          0.0052  91.3210
--------------------------------------------------

✅ 학습 완료 및 모델 업데이트 성공! (총 학습 데이터: 168개)
💤 다음 학습까지 3600초 대기 중...


========================================
🚀 ML 백그라운드 워커 구동 시작 (2026-04-09 00:49:24)
========================================

특징(Feature) 추출 및 스케일링 진행 중...
K-Means 모델 학습 중...

[군집화 결과 요약]
--------------------------------------------------
            for_count  while_count  if_count  switch_count  ternary_count  func_call_count  assign_count  line_count  max_nesting_depth  has_loop  loop_efficiency  has_infinite_while  execution_time    score
cluster_id                                                                                                                                                                                                     
0                 0.0       0.0000    0.0000           0.0            0.0           0.9661        0.7881      1.7542             0.0000    0.0000           0.0000              0.0000          0.0045  95.1365
1                 0.0       0.7576    1.1212           0.0            0.0           1.5455        1.2424      4.7576             1.8788    0.7576           1.0303              0.5152          0.0060  83.2080
2                 1.0       0.0000    0.4118           0.0            0.0           2.1765        0.9412      3.5294             1.4118    1.0000           2.8431              0.0000          0.0052  91.3210
--------------------------------------------------

✅ 학습 완료 및 모델 업데이트 성공! (총 학습 데이터: 168개)
💤 다음 학습까지 3600초 대기 중...


========================================
🚀 ML 백그라운드 워커 구동 시작 (2026-04-09 01:49:24)
========================================

특징(Feature) 추출 및 스케일링 진행 중...
K-Means 모델 학습 중...

[군집화 결과 요약]
--------------------------------------------------
            for_count  while_count  if_count  switch_count  ternary_count  func_call_count  assign_count  line_count  max_nesting_depth  has_loop  loop_efficiency  has_infinite_while  execution_time    score
cluster_id                                                                                                                                                                                                     
0                 0.0       0.0000    0.0000           0.0            0.0           0.9661        0.7881      1.7542             0.0000    0.0000           0.0000              0.0000          0.0045  95.1365
1                 0.0       0.7576    1.1212           0.0            0.0           1.5455        1.2424      4.7576             1.8788    0.7576           1.0303              0.5152          0.0060  83.2080
2                 1.0       0.0000    0.4118           0.0            0.0           2.1765        0.9412      3.5294             1.4118    1.0000           2.8431              0.0000          0.0052  91.3210
--------------------------------------------------

✅ 학습 완료 및 모델 업데이트 성공! (총 학습 데이터: 168개)
💤 다음 학습까지 3600초 대기 중...


========================================
🚀 ML 백그라운드 워커 구동 시작 (2026-04-09 02:49:24)
========================================

특징(Feature) 추출 및 스케일링 진행 중...
K-Means 모델 학습 중...

[군집화 결과 요약]
--------------------------------------------------
            for_count  while_count  if_count  switch_count  ternary_count  func_call_count  assign_count  line_count  max_nesting_depth  has_loop  loop_efficiency  has_infinite_while  execution_time    score
cluster_id                                                                                                                                                                                                     
0                 0.0       0.0000    0.0000           0.0            0.0           0.9661        0.7881      1.7542             0.0000    0.0000           0.0000              0.0000          0.0045  95.1365
1                 0.0       0.7576    1.1212           0.0            0.0           1.5455        1.2424      4.7576             1.8788    0.7576           1.0303              0.5152          0.0060  83.2080
2                 1.0       0.0000    0.4118           0.0            0.0           2.1765        0.9412      3.5294             1.4118    1.0000           2.8431              0.0000          0.0052  91.3210
--------------------------------------------------

✅ 학습 완료 및 모델 업데이트 성공! (총 학습 데이터: 168개)
💤 다음 학습까지 3600초 대기 중...


========================================
🚀 ML 백그라운드 워커 구동 시작 (2026-04-09 03:49:24)
========================================

특징(Feature) 추출 및 스케일링 진행 중...
K-Means 모델 학습 중...

[군집화 결과 요약]
--------------------------------------------------
            for_count  while_count  if_count  switch_count  ternary_count  func_call_count  assign_count  line_count  max_nesting_depth  has_loop  loop_efficiency  has_infinite_while  execution_time    score
cluster_id                                                                                                                                                                                                     
0                 0.0       0.0000    0.0000           0.0            0.0           0.9661        0.7881      1.7542             0.0000    0.0000           0.0000              0.0000          0.0045  95.1365
1                 0.0       0.7576    1.1212           0.0            0.0           1.5455        1.2424      4.7576             1.8788    0.7576           1.0303              0.5152          0.0060  83.2080
2                 1.0       0.0000    0.4118           0.0            0.0           2.1765        0.9412      3.5294             1.4118    1.0000           2.8431              0.0000          0.0052  91.3210
--------------------------------------------------

✅ 학습 완료 및 모델 업데이트 성공! (총 학습 데이터: 168개)
💤 다음 학습까지 3600초 대기 중...


========================================
🚀 ML 백그라운드 워커 구동 시작 (2026-04-09 04:49:24)
========================================

특징(Feature) 추출 및 스케일링 진행 중...
K-Means 모델 학습 중...

[군집화 결과 요약]
--------------------------------------------------
            for_count  while_count  if_count  switch_count  ternary_count  func_call_count  assign_count  line_count  max_nesting_depth  has_loop  loop_efficiency  has_infinite_while  execution_time    score
cluster_id                                                                                                                                                                                                     
0                 0.0       0.0000    0.0000           0.0            0.0           0.9661        0.7881      1.7542             0.0000    0.0000           0.0000              0.0000          0.0045  95.1365
1                 0.0       0.7576    1.1212           0.0            0.0           1.5455        1.2424      4.7576             1.8788    0.7576           1.0303              0.5152          0.0060  83.2080
2                 1.0       0.0000    0.4118           0.0            0.0           2.1765        0.9412      3.5294             1.4118    1.0000           2.8431              0.0000          0.0052  91.3210
--------------------------------------------------

✅ 학습 완료 및 모델 업데이트 성공! (총 학습 데이터: 168개)
💤 다음 학습까지 3600초 대기 중...


========================================
🚀 ML 백그라운드 워커 구동 시작 (2026-04-09 05:49:24)
========================================

특징(Feature) 추출 및 스케일링 진행 중...
K-Means 모델 학습 중...

[군집화 결과 요약]
--------------------------------------------------
            for_count  while_count  if_count  switch_count  ternary_count  func_call_count  assign_count  line_count  max_nesting_depth  has_loop  loop_efficiency  has_infinite_while  execution_time    score
cluster_id                                                                                                                                                                                                     
0                 0.0       0.0000    0.0000           0.0            0.0           0.9661        0.7881      1.7542             0.0000    0.0000           0.0000              0.0000          0.0045  95.1365
1                 0.0       0.7576    1.1212           0.0            0.0           1.5455        1.2424      4.7576             1.8788    0.7576           1.0303              0.5152          0.0060  83.2080
2                 1.0       0.0000    0.4118           0.0            0.0           2.1765        0.9412      3.5294             1.4118    1.0000           2.8431              0.0000          0.0052  91.3210
--------------------------------------------------

✅ 학습 완료 및 모델 업데이트 성공! (총 학습 데이터: 168개)
💤 다음 학습까지 3600초 대기 중...


========================================
🚀 ML 백그라운드 워커 구동 시작 (2026-04-09 06:49:24)
========================================

특징(Feature) 추출 및 스케일링 진행 중...
K-Means 모델 학습 중...

[군집화 결과 요약]
--------------------------------------------------
            for_count  while_count  if_count  switch_count  ternary_count  func_call_count  assign_count  line_count  max_nesting_depth  has_loop  loop_efficiency  has_infinite_while  execution_time    score
cluster_id                                                                                                                                                                                                     
0                 0.0       0.0000    0.0000           0.0            0.0           0.9661        0.7881      1.7542             0.0000    0.0000           0.0000              0.0000          0.0045  95.1365
1                 0.0       0.7576    1.1212           0.0            0.0           1.5455        1.2424      4.7576             1.8788    0.7576           1.0303              0.5152          0.0060  83.2080
2                 1.0       0.0000    0.4118           0.0            0.0           2.1765        0.9412      3.5294             1.4118    1.0000           2.8431              0.0000          0.0052  91.3210
--------------------------------------------------

✅ 학습 완료 및 모델 업데이트 성공! (총 학습 데이터: 168개)
💤 다음 학습까지 3600초 대기 중...


========================================
🚀 ML 백그라운드 워커 구동 시작 (2026-04-09 07:49:24)
========================================

특징(Feature) 추출 및 스케일링 진행 중...
K-Means 모델 학습 중...

[군집화 결과 요약]
--------------------------------------------------
            for_count  while_count  if_count  switch_count  ternary_count  func_call_count  assign_count  line_count  max_nesting_depth  has_loop  loop_efficiency  has_infinite_while  execution_time    score
cluster_id                                                                                                                                                                                                     
0                 0.0       0.0000    0.0000           0.0            0.0           0.9661        0.7881      1.7542             0.0000    0.0000           0.0000              0.0000          0.0045  95.1365
1                 0.0       0.7576    1.1212           0.0            0.0           1.5455        1.2424      4.7576             1.8788    0.7576           1.0303              0.5152          0.0060  83.2080
2                 1.0       0.0000    0.4118           0.0            0.0           2.1765        0.9412      3.5294             1.4118    1.0000           2.8431              0.0000          0.0052  91.3210
--------------------------------------------------

✅ 학습 완료 및 모델 업데이트 성공! (총 학습 데이터: 168개)
💤 다음 학습까지 3600초 대기 중...


========================================
🚀 ML 백그라운드 워커 구동 시작 (2026-04-09 08:49:24)
========================================

특징(Feature) 추출 및 스케일링 진행 중...
K-Means 모델 학습 중...

[군집화 결과 요약]
--------------------------------------------------
            for_count  while_count  if_count  switch_count  ternary_count  func_call_count  assign_count  line_count  max_nesting_depth  has_loop  loop_efficiency  has_infinite_while  execution_time    score
cluster_id                                                                                                                                                                                                     
0                 0.0       0.0000    0.0000           0.0            0.0           0.9661        0.7881      1.7542             0.0000    0.0000           0.0000              0.0000          0.0045  95.1365
1                 0.0       0.7576    1.1212           0.0            0.0           1.5455        1.2424      4.7576             1.8788    0.7576           1.0303              0.5152          0.0060  83.2080
2                 1.0       0.0000    0.4118           0.0            0.0           2.1765        0.9412      3.5294             1.4118    1.0000           2.8431              0.0000          0.0052  91.3210
--------------------------------------------------

✅ 학습 완료 및 모델 업데이트 성공! (총 학습 데이터: 168개)
💤 다음 학습까지 3600초 대기 중...


========================================
🚀 ML 백그라운드 워커 구동 시작 (2026-04-09 09:49:24)
========================================

특징(Feature) 추출 및 스케일링 진행 중...
K-Means 모델 학습 중...

[군집화 결과 요약]
--------------------------------------------------
            for_count  while_count  if_count  switch_count  ternary_count  func_call_count  assign_count  line_count  max_nesting_depth  has_loop  loop_efficiency  has_infinite_while  execution_time    score
cluster_id                                                                                                                                                                                                     
0                 0.0       0.0000    0.0000           0.0            0.0           0.9661        0.7881      1.7542             0.0000    0.0000           0.0000              0.0000          0.0045  95.1365
1                 0.0       0.7576    1.1212           0.0            0.0           1.5455        1.2424      4.7576             1.8788    0.7576           1.0303              0.5152          0.0060  83.2080
2                 1.0       0.0000    0.4118           0.0            0.0           2.1765        0.9412      3.5294             1.4118    1.0000           2.8431              0.0000          0.0052  91.3210
--------------------------------------------------

✅ 학습 완료 및 모델 업데이트 성공! (총 학습 데이터: 168개)
💤 다음 학습까지 3600초 대기 중...


========================================
🚀 ML 백그라운드 워커 구동 시작 (2026-04-09 10:49:24)
========================================

특징(Feature) 추출 및 스케일링 진행 중...
K-Means 모델 학습 중...

[군집화 결과 요약]
--------------------------------------------------
            for_count  while_count  if_count  switch_count  ternary_count  func_call_count  assign_count  line_count  max_nesting_depth  has_loop  loop_efficiency  has_infinite_while  execution_time    score
cluster_id                                                                                                                                                                                                     
0                 0.0       0.0000    0.0000           0.0            0.0           0.9661        0.7881      1.7542             0.0000    0.0000           0.0000              0.0000          0.0045  95.1365
1                 0.0       0.7576    1.1212           0.0            0.0           1.5455        1.2424      4.7576             1.8788    0.7576           1.0303              0.5152          0.0060  83.2080
2                 1.0       0.0000    0.4118           0.0            0.0           2.1765        0.9412      3.5294             1.4118    1.0000           2.8431              0.0000          0.0052  91.3210
--------------------------------------------------

✅ 학습 완료 및 모델 업데이트 성공! (총 학습 데이터: 168개)
💤 다음 학습까지 3600초 대기 중...


========================================
🚀 ML 백그라운드 워커 구동 시작 (2026-04-09 11:49:24)
========================================

특징(Feature) 추출 및 스케일링 진행 중...
K-Means 모델 학습 중...

[군집화 결과 요약]
--------------------------------------------------
            for_count  while_count  if_count  switch_count  ternary_count  func_call_count  assign_count  line_count  max_nesting_depth  has_loop  loop_efficiency  has_infinite_while  execution_time    score
cluster_id                                                                                                                                                                                                     
0                 0.0       0.0000    0.0000           0.0            0.0           0.9661        0.7881      1.7542             0.0000    0.0000           0.0000              0.0000          0.0045  95.1365
1                 0.0       0.7576    1.1212           0.0            0.0           1.5455        1.2424      4.7576             1.8788    0.7576           1.0303              0.5152          0.0060  83.2080
2                 1.0       0.0000    0.4118           0.0            0.0           2.1765        0.9412      3.5294             1.4118    1.0000           2.8431              0.0000          0.0052  91.3210
--------------------------------------------------

✅ 학습 완료 및 모델 업데이트 성공! (총 학습 데이터: 168개)
💤 다음 학습까지 3600초 대기 중...


========================================
🚀 ML 백그라운드 워커 구동 시작 (2026-04-09 12:49:24)
========================================

특징(Feature) 추출 및 스케일링 진행 중...
K-Means 모델 학습 중...

[군집화 결과 요약]
--------------------------------------------------
            for_count  while_count  if_count  switch_count  ternary_count  func_call_count  assign_count  line_count  max_nesting_depth  has_loop  loop_efficiency  has_infinite_while  execution_time    score
cluster_id                                                                                                                                                                                                     
0                 0.0       0.0000    0.0000           0.0            0.0           0.9661        0.7881      1.7542             0.0000    0.0000           0.0000              0.0000          0.0045  95.1365
1                 0.0       0.7576    1.1212           0.0            0.0           1.5455        1.2424      4.7576             1.8788    0.7576           1.0303              0.5152          0.0060  83.2080
2                 1.0       0.0000    0.4118           0.0            0.0           2.1765        0.9412      3.5294             1.4118    1.0000           2.8431              0.0000          0.0052  91.3210
--------------------------------------------------

✅ 학습 완료 및 모델 업데이트 성공! (총 학습 데이터: 168개)
💤 다음 학습까지 3600초 대기 중...


========================================
🚀 ML 백그라운드 워커 구동 시작 (2026-04-09 13:49:24)
========================================

특징(Feature) 추출 및 스케일링 진행 중...
K-Means 모델 학습 중...

[군집화 결과 요약]
--------------------------------------------------
            for_count  while_count  if_count  switch_count  ternary_count  func_call_count  assign_count  line_count  max_nesting_depth  has_loop  loop_efficiency  has_infinite_while  execution_time    score
cluster_id                                                                                                                                                                                                     
0                 0.0       0.0000    0.0000           0.0            0.0           0.9661        0.7881      1.7542             0.0000    0.0000           0.0000              0.0000          0.0045  95.1365
1                 0.0       0.7576    1.1212           0.0            0.0           1.5455        1.2424      4.7576             1.8788    0.7576           1.0303              0.5152          0.0060  83.2080
2                 1.0       0.0000    0.4118           0.0            0.0           2.1765        0.9412      3.5294             1.4118    1.0000           2.8431              0.0000          0.0052  91.3210
--------------------------------------------------

✅ 학습 완료 및 모델 업데이트 성공! (총 학습 데이터: 168개)
💤 다음 학습까지 3600초 대기 중...


========================================
🚀 ML 백그라운드 워커 구동 시작 (2026-04-09 14:49:24)
========================================

특징(Feature) 추출 및 스케일링 진행 중...
K-Means 모델 학습 중...

[군집화 결과 요약]
--------------------------------------------------
            for_count  while_count  if_count  switch_count  ternary_count  func_call_count  assign_count  line_count  max_nesting_depth  has_loop  loop_efficiency  has_infinite_while  execution_time    score
cluster_id                                                                                                                                                                                                     
0                 0.0       0.0000    0.0000           0.0            0.0           0.9661        0.7881      1.7542             0.0000    0.0000           0.0000              0.0000          0.0045  95.1365
1                 0.0       0.7576    1.1212           0.0            0.0           1.5455        1.2424      4.7576             1.8788    0.7576           1.0303              0.5152          0.0060  83.2080
2                 1.0       0.0000    0.4118           0.0            0.0           2.1765        0.9412      3.5294             1.4118    1.0000           2.8431              0.0000          0.0052  91.3210
--------------------------------------------------

✅ 학습 완료 및 모델 업데이트 성공! (총 학습 데이터: 168개)
💤 다음 학습까지 3600초 대기 중...


========================================
🚀 ML 백그라운드 워커 구동 시작 (2026-04-09 15:49:24)
========================================

특징(Feature) 추출 및 스케일링 진행 중...
K-Means 모델 학습 중...

[군집화 결과 요약]
--------------------------------------------------
            for_count  while_count  if_count  switch_count  ternary_count  func_call_count  assign_count  line_count  max_nesting_depth  has_loop  loop_efficiency  has_infinite_while  execution_time    score
cluster_id                                                                                                                                                                                                     
0                 0.0       0.0000    0.0000           0.0            0.0           0.9661        0.7881      1.7542             0.0000    0.0000           0.0000              0.0000          0.0045  95.1365
1                 0.0       0.7576    1.1212           0.0            0.0           1.5455        1.2424      4.7576             1.8788    0.7576           1.0303              0.5152          0.0060  83.2080
2                 1.0       0.0000    0.4118           0.0            0.0           2.1765        0.9412      3.5294             1.4118    1.0000           2.8431              0.0000          0.0052  91.3210
--------------------------------------------------

✅ 학습 완료 및 모델 업데이트 성공! (총 학습 데이터: 168개)
💤 다음 학습까지 3600초 대기 중...


========================================
🚀 ML 백그라운드 워커 구동 시작 (2026-04-09 16:49:24)
========================================

특징(Feature) 추출 및 스케일링 진행 중...
K-Means 모델 학습 중...

[군집화 결과 요약]
--------------------------------------------------
            for_count  while_count  if_count  switch_count  ternary_count  func_call_count  assign_count  line_count  max_nesting_depth  has_loop  loop_efficiency  has_infinite_while  execution_time    score
cluster_id                                                                                                                                                                                                     
0                 0.0       0.0000    0.0000           0.0            0.0           0.9661        0.7881      1.7542             0.0000    0.0000           0.0000              0.0000          0.0045  95.1365
1                 0.0       0.7576    1.1212           0.0            0.0           1.5455        1.2424      4.7576             1.8788    0.7576           1.0303              0.5152          0.0060  83.2080
2                 1.0       0.0000    0.4118           0.0            0.0           2.1765        0.9412      3.5294             1.4118    1.0000           2.8431              0.0000          0.0052  91.3210
--------------------------------------------------

✅ 학습 완료 및 모델 업데이트 성공! (총 학습 데이터: 168개)
💤 다음 학습까지 3600초 대기 중...


========================================
🚀 ML 백그라운드 워커 구동 시작 (2026-04-09 17:49:25)
========================================

특징(Feature) 추출 및 스케일링 진행 중...
K-Means 모델 학습 중...

[군집화 결과 요약]
--------------------------------------------------
            for_count  while_count  if_count  switch_count  ternary_count  func_call_count  assign_count  line_count  max_nesting_depth  has_loop  loop_efficiency  has_infinite_while  execution_time    score
cluster_id                                                                                                                                                                                                     
0                 0.0       0.0000    0.0000           0.0            0.0           0.9661        0.7881      1.7542             0.0000    0.0000           0.0000              0.0000          0.0045  95.1365
1                 0.0       0.7576    1.1212           0.0            0.0           1.5455        1.2424      4.7576             1.8788    0.7576           1.0303              0.5152          0.0060  83.2080
2                 1.0       0.0000    0.4118           0.0            0.0           2.1765        0.9412      3.5294             1.4118    1.0000           2.8431              0.0000          0.0052  91.3210
--------------------------------------------------

✅ 학습 완료 및 모델 업데이트 성공! (총 학습 데이터: 168개)
💤 다음 학습까지 3600초 대기 중...


========================================
🚀 ML 백그라운드 워커 구동 시작 (2026-04-09 18:49:25)
========================================

특징(Feature) 추출 및 스케일링 진행 중...
K-Means 모델 학습 중...

[군집화 결과 요약]
--------------------------------------------------
            for_count  while_count  if_count  switch_count  ternary_count  func_call_count  assign_count  line_count  max_nesting_depth  has_loop  loop_efficiency  has_infinite_while  execution_time    score
cluster_id                                                                                                                                                                                                     
0                 0.0       0.0000    0.0000           0.0            0.0           0.9661        0.7881      1.7542             0.0000    0.0000           0.0000              0.0000          0.0045  95.1365
1                 0.0       0.7576    1.1212           0.0            0.0           1.5455        1.2424      4.7576             1.8788    0.7576           1.0303              0.5152          0.0060  83.2080
2                 1.0       0.0000    0.4118           0.0            0.0           2.1765        0.9412      3.5294             1.4118    1.0000           2.8431              0.0000          0.0052  91.3210
--------------------------------------------------

✅ 학습 완료 및 모델 업데이트 성공! (총 학습 데이터: 168개)
💤 다음 학습까지 3600초 대기 중...


========================================
🚀 ML 백그라운드 워커 구동 시작 (2026-04-09 19:49:25)
========================================

특징(Feature) 추출 및 스케일링 진행 중...
K-Means 모델 학습 중...

[군집화 결과 요약]
--------------------------------------------------
            for_count  while_count  if_count  switch_count  ternary_count  func_call_count  assign_count  line_count  max_nesting_depth  has_loop  loop_efficiency  has_infinite_while  execution_time    score
cluster_id                                                                                                                                                                                                     
0                 0.0       0.0000    0.0000           0.0            0.0           0.9661        0.7881      1.7542             0.0000    0.0000           0.0000              0.0000          0.0045  95.1365
1                 0.0       0.7576    1.1212           0.0            0.0           1.5455        1.2424      4.7576             1.8788    0.7576           1.0303              0.5152          0.0060  83.2080
2                 1.0       0.0000    0.4118           0.0            0.0           2.1765        0.9412      3.5294             1.4118    1.0000           2.8431              0.0000          0.0052  91.3210
--------------------------------------------------

✅ 학습 완료 및 모델 업데이트 성공! (총 학습 데이터: 168개)
💤 다음 학습까지 3600초 대기 중...


========================================
🚀 ML 백그라운드 워커 구동 시작 (2026-04-09 20:49:25)
========================================

특징(Feature) 추출 및 스케일링 진행 중...
K-Means 모델 학습 중...

[군집화 결과 요약]
--------------------------------------------------
            for_count  while_count  if_count  switch_count  ternary_count  func_call_count  assign_count  line_count  max_nesting_depth  has_loop  loop_efficiency  has_infinite_while  execution_time    score
cluster_id                                                                                                                                                                                                     
0                 0.0       0.0000    0.0000           0.0            0.0           0.9661        0.7881      1.7542             0.0000    0.0000           0.0000              0.0000          0.0045  95.1365
1                 0.0       0.7576    1.1212           0.0            0.0           1.5455        1.2424      4.7576             1.8788    0.7576           1.0303              0.5152          0.0060  83.2080
2                 1.0       0.0000    0.4118           0.0            0.0           2.1765        0.9412      3.5294             1.4118    1.0000           2.8431              0.0000          0.0052  91.3210
--------------------------------------------------

✅ 학습 완료 및 모델 업데이트 성공! (총 학습 데이터: 168개)
💤 다음 학습까지 3600초 대기 중...


========================================
🚀 ML 백그라운드 워커 구동 시작 (2026-04-09 21:49:25)
========================================

특징(Feature) 추출 및 스케일링 진행 중...
K-Means 모델 학습 중...

[군집화 결과 요약]
--------------------------------------------------
            for_count  while_count  if_count  switch_count  ternary_count  func_call_count  assign_count  line_count  max_nesting_depth  has_loop  loop_efficiency  has_infinite_while  execution_time    score
cluster_id                                                                                                                                                                                                     
0                 0.0       0.0000    0.0000           0.0            0.0           0.9664        0.7899      1.7563             0.0000    0.0000           0.0000              0.0000          0.0045  94.7987
1                 0.0       0.7576    1.1212           0.0            0.0           1.5455        1.2424      4.7576             1.8788    0.7576           1.0303              0.5152          0.0060  83.2080
2                 1.0       0.0000    0.4118           0.0            0.0           2.1765        0.9412      3.5294             1.4118    1.0000           2.8431              0.0000          0.0052  91.3210
--------------------------------------------------

✅ 학습 완료 및 모델 업데이트 성공! (총 학습 데이터: 169개)
💤 다음 학습까지 3600초 대기 중...


========================================
🚀 ML 백그라운드 워커 구동 시작 (2026-04-09 22:49:25)
========================================

특징(Feature) 추출 및 스케일링 진행 중...
K-Means 모델 학습 중...

[군집화 결과 요약]
--------------------------------------------------
            for_count  while_count  if_count  switch_count  ternary_count  func_call_count  assign_count  line_count  max_nesting_depth  has_loop  loop_efficiency  has_infinite_while  execution_time    score
cluster_id                                                                                                                                                                                                     
0                 0.0       0.0000    0.0000           0.0            0.0           0.9672        0.7951      1.7623             0.0000    0.0000           0.0000              0.0000          0.0046  93.8191
1                 0.0       0.7576    1.1212           0.0            0.0           1.5455        1.2424      4.7576             1.8788    0.7576           1.0303              0.5152          0.0060  83.2080
2                 1.0       0.0000    0.4118           0.0            0.0           2.1765        0.9412      3.5294             1.4118    1.0000           2.8431              0.0000          0.0052  91.3210
--------------------------------------------------

✅ 학습 완료 및 모델 업데이트 성공! (총 학습 데이터: 172개)
💤 다음 학습까지 3600초 대기 중...


========================================
🚀 ML 백그라운드 워커 구동 시작 (2026-04-09 23:49:25)
========================================

특징(Feature) 추출 및 스케일링 진행 중...
K-Means 모델 학습 중...

[군집화 결과 요약]
--------------------------------------------------
            for_count  while_count  if_count  switch_count  ternary_count  func_call_count  assign_count  line_count  max_nesting_depth  has_loop  loop_efficiency  has_infinite_while  execution_time    score
cluster_id                                                                                                                                                                                                     
0                 0.0       0.0000    0.0000           0.0            0.0           0.9672        0.7951      1.7623             0.0000    0.0000           0.0000              0.0000          0.0046  93.8191
1                 0.0       0.7576    1.1212           0.0            0.0           1.5455        1.2424      4.7576             1.8788    0.7576           1.0303              0.5152          0.0060  83.2080
2                 1.0       0.0000    0.4118           0.0            0.0           2.1765        0.9412      3.5294             1.4118    1.0000           2.8431              0.0000          0.0052  91.3210
--------------------------------------------------

✅ 학습 완료 및 모델 업데이트 성공! (총 학습 데이터: 172개)
💤 다음 학습까지 3600초 대기 중...


========================================
🚀 ML 백그라운드 워커 구동 시작 (2026-04-10 00:49:25)
========================================

특징(Feature) 추출 및 스케일링 진행 중...
K-Means 모델 학습 중...

[군집화 결과 요약]
--------------------------------------------------
            for_count  while_count  if_count  switch_count  ternary_count  func_call_count  assign_count  line_count  max_nesting_depth  has_loop  loop_efficiency  has_infinite_while  execution_time    score
cluster_id                                                                                                                                                                                                     
0                 0.0       0.0000    0.0000           0.0            0.0           0.9672        0.7951      1.7623             0.0000    0.0000           0.0000              0.0000          0.0046  93.8191
1                 0.0       0.7576    1.1212           0.0            0.0           1.5455        1.2424      4.7576             1.8788    0.7576           1.0303              0.5152          0.0060  83.2080
2                 1.0       0.0000    0.4118           0.0            0.0           2.1765        0.9412      3.5294             1.4118    1.0000           2.8431              0.0000          0.0052  91.3210
--------------------------------------------------

✅ 학습 완료 및 모델 업데이트 성공! (총 학습 데이터: 172개)
💤 다음 학습까지 3600초 대기 중...


========================================
🚀 ML 백그라운드 워커 구동 시작 (2026-04-10 01:49:25)
========================================

특징(Feature) 추출 및 스케일링 진행 중...
K-Means 모델 학습 중...

[군집화 결과 요약]
--------------------------------------------------
            for_count  while_count  if_count  switch_count  ternary_count  func_call_count  assign_count  line_count  max_nesting_depth  has_loop  loop_efficiency  has_infinite_while  execution_time    score
cluster_id                                                                                                                                                                                                     
0                 0.0       0.0000    0.0000           0.0            0.0           0.9672        0.7951      1.7623             0.0000    0.0000           0.0000              0.0000          0.0046  93.8191
1                 0.0       0.7576    1.1212           0.0            0.0           1.5455        1.2424      4.7576             1.8788    0.7576           1.0303              0.5152          0.0060  83.2080
2                 1.0       0.0000    0.4118           0.0            0.0           2.1765        0.9412      3.5294             1.4118    1.0000           2.8431              0.0000          0.0052  91.3210
--------------------------------------------------

✅ 학습 완료 및 모델 업데이트 성공! (총 학습 데이터: 172개)
💤 다음 학습까지 3600초 대기 중...


========================================
🚀 ML 백그라운드 워커 구동 시작 (2026-04-10 02:49:25)
========================================

특징(Feature) 추출 및 스케일링 진행 중...
K-Means 모델 학습 중...

[군집화 결과 요약]
--------------------------------------------------
            for_count  while_count  if_count  switch_count  ternary_count  func_call_count  assign_count  line_count  max_nesting_depth  has_loop  loop_efficiency  has_infinite_while  execution_time    score
cluster_id                                                                                                                                                                                                     
0                 0.0       0.0000    0.0000           0.0            0.0           0.9672        0.7951      1.7623             0.0000    0.0000           0.0000              0.0000          0.0046  93.8191
1                 0.0       0.7576    1.1212           0.0            0.0           1.5455        1.2424      4.7576             1.8788    0.7576           1.0303              0.5152          0.0060  83.2080
2                 1.0       0.0000    0.4118           0.0            0.0           2.1765        0.9412      3.5294             1.4118    1.0000           2.8431              0.0000          0.0052  91.3210
--------------------------------------------------

✅ 학습 완료 및 모델 업데이트 성공! (총 학습 데이터: 172개)
💤 다음 학습까지 3600초 대기 중...


========================================
🚀 ML 백그라운드 워커 구동 시작 (2026-04-10 03:49:25)
========================================

특징(Feature) 추출 및 스케일링 진행 중...
K-Means 모델 학습 중...

[군집화 결과 요약]
--------------------------------------------------
            for_count  while_count  if_count  switch_count  ternary_count  func_call_count  assign_count  line_count  max_nesting_depth  has_loop  loop_efficiency  has_infinite_while  execution_time    score
cluster_id                                                                                                                                                                                                     
0                 0.0       0.0000    0.0000           0.0            0.0           0.9672        0.7951      1.7623             0.0000    0.0000           0.0000              0.0000          0.0046  93.8191
1                 0.0       0.7576    1.1212           0.0            0.0           1.5455        1.2424      4.7576             1.8788    0.7576           1.0303              0.5152          0.0060  83.2080
2                 1.0       0.0000    0.4118           0.0            0.0           2.1765        0.9412      3.5294             1.4118    1.0000           2.8431              0.0000          0.0052  91.3210
--------------------------------------------------

✅ 학습 완료 및 모델 업데이트 성공! (총 학습 데이터: 172개)
💤 다음 학습까지 3600초 대기 중...


========================================
🚀 ML 백그라운드 워커 구동 시작 (2026-04-10 04:49:25)
========================================

특징(Feature) 추출 및 스케일링 진행 중...
K-Means 모델 학습 중...

[군집화 결과 요약]
--------------------------------------------------
            for_count  while_count  if_count  switch_count  ternary_count  func_call_count  assign_count  line_count  max_nesting_depth  has_loop  loop_efficiency  has_infinite_while  execution_time    score
cluster_id                                                                                                                                                                                                     
0                 0.0       0.0000    0.0000           0.0            0.0           0.9672        0.7951      1.7623             0.0000    0.0000           0.0000              0.0000          0.0046  93.8191
1                 0.0       0.7576    1.1212           0.0            0.0           1.5455        1.2424      4.7576             1.8788    0.7576           1.0303              0.5152          0.0060  83.2080
2                 1.0       0.0000    0.4118           0.0            0.0           2.1765        0.9412      3.5294             1.4118    1.0000           2.8431              0.0000          0.0052  91.3210
--------------------------------------------------

✅ 학습 완료 및 모델 업데이트 성공! (총 학습 데이터: 172개)
💤 다음 학습까지 3600초 대기 중...


========================================
🚀 ML 백그라운드 워커 구동 시작 (2026-04-10 05:49:25)
========================================

특징(Feature) 추출 및 스케일링 진행 중...
K-Means 모델 학습 중...

[군집화 결과 요약]
--------------------------------------------------
            for_count  while_count  if_count  switch_count  ternary_count  func_call_count  assign_count  line_count  max_nesting_depth  has_loop  loop_efficiency  has_infinite_while  execution_time    score
cluster_id                                                                                                                                                                                                     
0                 0.0       0.0000    0.0000           0.0            0.0           0.9672        0.7951      1.7623             0.0000    0.0000           0.0000              0.0000          0.0046  93.8191
1                 0.0       0.7576    1.1212           0.0            0.0           1.5455        1.2424      4.7576             1.8788    0.7576           1.0303              0.5152          0.0060  83.2080
2                 1.0       0.0000    0.4118           0.0            0.0           2.1765        0.9412      3.5294             1.4118    1.0000           2.8431              0.0000          0.0052  91.3210
--------------------------------------------------

✅ 학습 완료 및 모델 업데이트 성공! (총 학습 데이터: 172개)
💤 다음 학습까지 3600초 대기 중...


========================================
🚀 ML 백그라운드 워커 구동 시작 (2026-04-10 06:49:25)
========================================

특징(Feature) 추출 및 스케일링 진행 중...
K-Means 모델 학습 중...

[군집화 결과 요약]
--------------------------------------------------
            for_count  while_count  if_count  switch_count  ternary_count  func_call_count  assign_count  line_count  max_nesting_depth  has_loop  loop_efficiency  has_infinite_while  execution_time    score
cluster_id                                                                                                                                                                                                     
0                 0.0       0.0000    0.0000           0.0            0.0           0.9672        0.7951      1.7623             0.0000    0.0000           0.0000              0.0000          0.0046  93.8191
1                 0.0       0.7576    1.1212           0.0            0.0           1.5455        1.2424      4.7576             1.8788    0.7576           1.0303              0.5152          0.0060  83.2080
2                 1.0       0.0000    0.4118           0.0            0.0           2.1765        0.9412      3.5294             1.4118    1.0000           2.8431              0.0000          0.0052  91.3210
--------------------------------------------------

✅ 학습 완료 및 모델 업데이트 성공! (총 학습 데이터: 172개)
💤 다음 학습까지 3600초 대기 중...


========================================
🚀 ML 백그라운드 워커 구동 시작 (2026-04-10 07:49:25)
========================================

특징(Feature) 추출 및 스케일링 진행 중...
K-Means 모델 학습 중...

[군집화 결과 요약]
--------------------------------------------------
            for_count  while_count  if_count  switch_count  ternary_count  func_call_count  assign_count  line_count  max_nesting_depth  has_loop  loop_efficiency  has_infinite_while  execution_time    score
cluster_id                                                                                                                                                                                                     
0                 0.0       0.0000    0.0000           0.0            0.0           0.9672        0.7951      1.7623             0.0000    0.0000           0.0000              0.0000          0.0046  93.8191
1                 0.0       0.7576    1.1212           0.0            0.0           1.5455        1.2424      4.7576             1.8788    0.7576           1.0303              0.5152          0.0060  83.2080
2                 1.0       0.0000    0.4118           0.0            0.0           2.1765        0.9412      3.5294             1.4118    1.0000           2.8431              0.0000          0.0052  91.3210
--------------------------------------------------

✅ 학습 완료 및 모델 업데이트 성공! (총 학습 데이터: 172개)
💤 다음 학습까지 3600초 대기 중...


========================================
🚀 ML 백그라운드 워커 구동 시작 (2026-04-10 08:49:27)
========================================

특징(Feature) 추출 및 스케일링 진행 중...
K-Means 모델 학습 중...

[군집화 결과 요약]
--------------------------------------------------
            for_count  while_count  if_count  switch_count  ternary_count  func_call_count  assign_count  line_count  max_nesting_depth  has_loop  loop_efficiency  has_infinite_while  execution_time    score
cluster_id                                                                                                                                                                                                     
0                 0.0       0.0000    0.0000           0.0            0.0           0.9672        0.7951      1.7623             0.0000    0.0000           0.0000              0.0000          0.0046  93.8191
1                 0.0       0.7576    1.1212           0.0            0.0           1.5455        1.2424      4.7576             1.8788    0.7576           1.0303              0.5152          0.0060  83.2080
2                 1.0       0.0000    0.4118           0.0            0.0           2.1765        0.9412      3.5294             1.4118    1.0000           2.8431              0.0000          0.0052  91.3210
--------------------------------------------------

✅ 학습 완료 및 모델 업데이트 성공! (총 학습 데이터: 172개)
💤 다음 학습까지 3600초 대기 중...


========================================
🚀 ML 백그라운드 워커 구동 시작 (2026-04-10 09:49:27)
========================================

특징(Feature) 추출 및 스케일링 진행 중...
K-Means 모델 학습 중...

[군집화 결과 요약]
--------------------------------------------------
            for_count  while_count  if_count  switch_count  ternary_count  func_call_count  assign_count  line_count  max_nesting_depth  has_loop  loop_efficiency  has_infinite_while  execution_time    score
cluster_id                                                                                                                                                                                                     
0                 0.0       0.0000    0.0000           0.0            0.0           0.9672        0.7951      1.7623             0.0000    0.0000           0.0000              0.0000          0.0046  93.8191
1                 0.0       0.7576    1.1212           0.0            0.0           1.5455        1.2424      4.7576             1.8788    0.7576           1.0303              0.5152          0.0060  83.2080
2                 1.0       0.0000    0.4118           0.0            0.0           2.1765        0.9412      3.5294             1.4118    1.0000           2.8431              0.0000          0.0052  91.3210
--------------------------------------------------

✅ 학습 완료 및 모델 업데이트 성공! (총 학습 데이터: 172개)
💤 다음 학습까지 3600초 대기 중...


========================================
🚀 ML 백그라운드 워커 구동 시작 (2026-04-10 10:49:27)
========================================

특징(Feature) 추출 및 스케일링 진행 중...
K-Means 모델 학습 중...

[군집화 결과 요약]
--------------------------------------------------
            for_count  while_count  if_count  switch_count  ternary_count  func_call_count  assign_count  line_count  max_nesting_depth  has_loop  loop_efficiency  has_infinite_while  execution_time    score
cluster_id                                                                                                                                                                                                     
0                 0.0       0.0000    0.0000           0.0            0.0           0.9672        0.7951      1.7623             0.0000    0.0000           0.0000              0.0000          0.0046  93.8191
1                 0.0       0.7576    1.1212           0.0            0.0           1.5455        1.2424      4.7576             1.8788    0.7576           1.0303              0.5152          0.0060  83.2080
2                 1.0       0.0000    0.4118           0.0            0.0           2.1765        0.9412      3.5294             1.4118    1.0000           2.8431              0.0000          0.0052  91.3210
--------------------------------------------------

✅ 학습 완료 및 모델 업데이트 성공! (총 학습 데이터: 172개)
💤 다음 학습까지 3600초 대기 중...


========================================
🚀 ML 백그라운드 워커 구동 시작 (2026-04-10 11:49:27)
========================================

특징(Feature) 추출 및 스케일링 진행 중...
K-Means 모델 학습 중...

[군집화 결과 요약]
--------------------------------------------------
            for_count  while_count  if_count  switch_count  ternary_count  func_call_count  assign_count  line_count  max_nesting_depth  has_loop  loop_efficiency  has_infinite_while  execution_time    score
cluster_id                                                                                                                                                                                                     
0                 0.0       0.0000    0.0000           0.0            0.0           0.9672        0.7951      1.7623             0.0000    0.0000           0.0000              0.0000          0.0046  93.8191
1                 0.0       0.7576    1.1212           0.0            0.0           1.5455        1.2424      4.7576             1.8788    0.7576           1.0303              0.5152          0.0060  83.2080
2                 1.0       0.0000    0.4118           0.0            0.0           2.1765        0.9412      3.5294             1.4118    1.0000           2.8431              0.0000          0.0052  91.3210
--------------------------------------------------

✅ 학습 완료 및 모델 업데이트 성공! (총 학습 데이터: 172개)
💤 다음 학습까지 3600초 대기 중...


========================================
🚀 ML 백그라운드 워커 구동 시작 (2026-04-10 12:49:27)
========================================

특징(Feature) 추출 및 스케일링 진행 중...
K-Means 모델 학습 중...

[군집화 결과 요약]
--------------------------------------------------
            for_count  while_count  if_count  switch_count  ternary_count  func_call_count  assign_count  line_count  max_nesting_depth  has_loop  loop_efficiency  has_infinite_while  execution_time    score
cluster_id                                                                                                                                                                                                     
0                 0.0       0.0000    0.0000           0.0            0.0           0.9677        0.7984      1.7661             0.0000    0.0000           0.0000              0.0000          0.0046  93.1928
1                 0.0       0.7647    1.0882           0.0            0.0           1.5294        1.2353      4.7059             1.8529    0.7647           1.0588              0.5294          0.0060  83.5051
2                 1.0       0.0000    0.4118           0.0            0.0           2.1765        0.9412      3.5294             1.4118    1.0000           2.8431              0.0000          0.0052  91.3210
--------------------------------------------------

✅ 학습 완료 및 모델 업데이트 성공! (총 학습 데이터: 175개)
💤 다음 학습까지 3600초 대기 중...


========================================
🚀 ML 백그라운드 워커 구동 시작 (2026-04-10 13:49:27)
========================================

특징(Feature) 추출 및 스케일링 진행 중...
K-Means 모델 학습 중...

[군집화 결과 요약]
--------------------------------------------------
            for_count  while_count  if_count  switch_count  ternary_count  func_call_count  assign_count  line_count  max_nesting_depth  has_loop  loop_efficiency  has_infinite_while  execution_time    score
cluster_id                                                                                                                                                                                                     
0                 0.0       0.0000    0.0000           0.0            0.0           0.9680        0.8000      1.7680             0.0000    0.0000           0.0000              0.0000          0.0045  92.8872
1                 0.0       0.7647    1.0882           0.0            0.0           1.5294        1.2353      4.7059             1.8529    0.7647           1.0588              0.5294          0.0060  83.5051
2                 1.0       0.0000    0.4118           0.0            0.0           2.1765        0.9412      3.5294             1.4118    1.0000           2.8431              0.0000          0.0052  91.3210
--------------------------------------------------

✅ 학습 완료 및 모델 업데이트 성공! (총 학습 데이터: 176개)
💤 다음 학습까지 3600초 대기 중...


========================================
🚀 ML 백그라운드 워커 구동 시작 (2026-04-10 14:49:27)
========================================

특징(Feature) 추출 및 스케일링 진행 중...
K-Means 모델 학습 중...

[군집화 결과 요약]
--------------------------------------------------
            for_count  while_count  if_count  switch_count  ternary_count  func_call_count  assign_count  line_count  max_nesting_depth  has_loop  loop_efficiency  has_infinite_while  execution_time    score
cluster_id                                                                                                                                                                                                     
0                 0.0       0.0000    0.0000           0.0            0.0           0.9680        0.8000      1.7680             0.0000    0.0000           0.0000              0.0000          0.0045  92.8872
1                 0.0       0.7647    1.0882           0.0            0.0           1.5294        1.2353      4.7059             1.8529    0.7647           1.0588              0.5294          0.0060  83.5051
2                 1.0       0.0000    0.4118           0.0            0.0           2.1765        0.9412      3.5294             1.4118    1.0000           2.8431              0.0000          0.0052  91.3210
--------------------------------------------------

✅ 학습 완료 및 모델 업데이트 성공! (총 학습 데이터: 176개)
💤 다음 학습까지 3600초 대기 중...


========================================
🚀 ML 백그라운드 워커 구동 시작 (2026-04-10 15:49:28)
========================================

특징(Feature) 추출 및 스케일링 진행 중...
K-Means 모델 학습 중...

[군집화 결과 요약]
--------------------------------------------------
            for_count  while_count  if_count  switch_count  ternary_count  func_call_count  assign_count  line_count  max_nesting_depth  has_loop  loop_efficiency  has_infinite_while  execution_time    score
cluster_id                                                                                                                                                                                                     
0                 0.0       0.0000    0.0000           0.0            0.0           0.9680        0.8000      1.7680             0.0000    0.0000           0.0000              0.0000          0.0045  92.8872
1                 0.0       0.7647    1.0882           0.0            0.0           1.5294        1.2353      4.7059             1.8529    0.7647           1.0588              0.5294          0.0060  83.5051
2                 1.0       0.0000    0.4118           0.0            0.0           2.1765        0.9412      3.5294             1.4118    1.0000           2.8431              0.0000          0.0052  91.3210
--------------------------------------------------

✅ 학습 완료 및 모델 업데이트 성공! (총 학습 데이터: 176개)
💤 다음 학습까지 3600초 대기 중...


========================================
🚀 ML 백그라운드 워커 구동 시작 (2026-04-10 16:49:28)
========================================

특징(Feature) 추출 및 스케일링 진행 중...
K-Means 모델 학습 중...

[군집화 결과 요약]
--------------------------------------------------
            for_count  while_count  if_count  switch_count  ternary_count  func_call_count  assign_count  line_count  max_nesting_depth  has_loop  loop_efficiency  has_infinite_while  execution_time    score
cluster_id                                                                                                                                                                                                     
0              0.0000       0.0000    0.0000           0.0            0.0           0.9685        0.8031      1.7717             0.0000       0.0           0.0000              0.0000          0.0045  92.2902
1              0.1875       0.3125    2.0000           0.0            0.0           2.1875        1.3125      5.8125             2.5000       0.5           0.3125              0.0000          0.0083  69.8288
2              0.4000       0.6000    0.3429           0.0            0.0           1.5429        1.0571      3.6286             1.3429       1.0           2.2667              0.5143          0.0045  93.5534
--------------------------------------------------

✅ 학습 완료 및 모델 업데이트 성공! (총 학습 데이터: 178개)
💤 다음 학습까지 3600초 대기 중...


========================================
🚀 ML 백그라운드 워커 구동 시작 (2026-04-10 17:49:28)
========================================

특징(Feature) 추출 및 스케일링 진행 중...
K-Means 모델 학습 중...

[군집화 결과 요약]
--------------------------------------------------
            for_count  while_count  if_count  switch_count  ternary_count  func_call_count  assign_count  line_count  max_nesting_depth  has_loop  loop_efficiency  has_infinite_while  execution_time    score
cluster_id                                                                                                                                                                                                     
0                0.00          0.0    0.0000           0.0            0.0           0.9706        0.8162      1.7868             0.0000      0.00           0.0000              0.0000          0.0044  89.8216
1                0.00          1.0    0.8077           0.0            0.0           1.3846        1.3077      4.6154             1.8077      1.00           1.3846              0.6923          0.0043  89.9292
2                0.68          0.0    0.9200           0.0            0.0           2.1200        0.9600      4.0000             1.6000      0.68           1.9333              0.0000          0.0072  82.1388
--------------------------------------------------

✅ 학습 완료 및 모델 업데이트 성공! (총 학습 데이터: 187개)
💤 다음 학습까지 3600초 대기 중...


========================================
🚀 ML 백그라운드 워커 구동 시작 (2026-04-10 18:49:28)
========================================

특징(Feature) 추출 및 스케일링 진행 중...
K-Means 모델 학습 중...

[군집화 결과 요약]
--------------------------------------------------
            for_count  while_count  if_count  switch_count  ternary_count  func_call_count  assign_count  line_count  max_nesting_depth  has_loop  loop_efficiency  has_infinite_while  execution_time    score
cluster_id                                                                                                                                                                                                     
0                 0.0       0.0000    0.0000           0.0            0.0           0.9714        0.8214      1.7929             0.0000    0.0000           0.0000              0.0000          0.0044  88.8263
1                 0.0       0.7647    1.0882           0.0            0.0           1.5294        1.2353      4.7059             1.8529    0.7647           1.0588              0.5294          0.0060  83.5051
2                 1.0       0.0000    0.4118           0.0            0.0           2.1765        0.9412      3.5294             1.4118    1.0000           2.8431              0.0000          0.0052  91.3210
--------------------------------------------------

✅ 학습 완료 및 모델 업데이트 성공! (총 학습 데이터: 191개)
💤 다음 학습까지 3600초 대기 중...


========================================
🚀 ML 백그라운드 워커 구동 시작 (2026-04-10 19:49:28)
========================================

특징(Feature) 추출 및 스케일링 진행 중...
K-Means 모델 학습 중...

[군집화 결과 요약]
--------------------------------------------------
            for_count  while_count  if_count  switch_count  ternary_count  func_call_count  assign_count  line_count  max_nesting_depth  has_loop  loop_efficiency  has_infinite_while  execution_time    score
cluster_id                                                                                                                                                                                                     
0                 0.0          0.0    0.1060           0.0            0.0           1.0265        0.8344      1.9669             0.1060       0.0           0.0000              0.0000          0.0047  86.7660
1                 0.0          1.0    0.8077           0.0            0.0           1.3846        1.3077      4.6154             1.8077       1.0           1.3846              0.6923          0.0043  89.9292
2                 1.0          0.0    0.4118           0.0            0.0           2.1765        0.9412      3.5294             1.4118       1.0           2.8431              0.0000          0.0052  91.3210
--------------------------------------------------

✅ 학습 완료 및 모델 업데이트 성공! (총 학습 데이터: 194개)
💤 다음 학습까지 3600초 대기 중...


========================================
🚀 ML 백그라운드 워커 구동 시작 (2026-04-10 20:49:28)
========================================

특징(Feature) 추출 및 스케일링 진행 중...
K-Means 모델 학습 중...

[군집화 결과 요약]
--------------------------------------------------
            for_count  while_count  if_count  switch_count  ternary_count  func_call_count  assign_count  line_count  max_nesting_depth  has_loop  loop_efficiency  has_infinite_while  execution_time    score
cluster_id                                                                                                                                                                                                     
0                 0.0       0.7647    1.0882           0.0            0.0           1.5294        1.2353      4.7059             1.8529    0.7647           1.0588              0.5294          0.0060  83.5051
1                 0.0       0.0000    0.0000           0.0            0.0           0.9724        0.8276      1.8000             0.0000    0.0000           0.0000              0.0000          0.0043  87.6595
2                 1.0       0.0000    0.4118           0.0            0.0           2.1765        0.9412      3.5294             1.4118    1.0000           2.8431              0.0000          0.0052  91.3210
--------------------------------------------------

✅ 학습 완료 및 모델 업데이트 성공! (총 학습 데이터: 196개)
💤 다음 학습까지 3600초 대기 중...


========================================
🚀 ML 백그라운드 워커 구동 시작 (2026-04-10 21:49:28)
========================================

특징(Feature) 추출 및 스케일링 진행 중...
K-Means 모델 학습 중...

[군집화 결과 요약]
--------------------------------------------------
            for_count  while_count  if_count  switch_count  ternary_count  func_call_count  assign_count  line_count  max_nesting_depth  has_loop  loop_efficiency  has_infinite_while  execution_time    score
cluster_id                                                                                                                                                                                                     
0                 0.0       0.7647    1.0882           0.0            0.0           1.5294        1.2353      4.7059             1.8529    0.7647           1.0588              0.5294          0.0060  83.5051
1                 0.0       0.0000    0.0000           0.0            0.0           0.9724        0.8276      1.8000             0.0000    0.0000           0.0000              0.0000          0.0043  87.6595
2                 1.0       0.0000    0.4118           0.0            0.0           2.1765        0.9412      3.5294             1.4118    1.0000           2.8431              0.0000          0.0052  91.3210
--------------------------------------------------

✅ 학습 완료 및 모델 업데이트 성공! (총 학습 데이터: 196개)
💤 다음 학습까지 3600초 대기 중...


========================================
🚀 ML 백그라운드 워커 구동 시작 (2026-04-10 22:49:28)
========================================

특징(Feature) 추출 및 스케일링 진행 중...
K-Means 모델 학습 중...

[군집화 결과 요약]
--------------------------------------------------
            for_count  while_count  if_count  switch_count  ternary_count  func_call_count  assign_count  line_count  max_nesting_depth  has_loop  loop_efficiency  has_infinite_while  execution_time    score
cluster_id                                                                                                                                                                                                     
0                 0.0       0.7647    1.0882           0.0            0.0           1.5294        1.2353      4.7059             1.8529    0.7647           1.0588              0.5294          0.0060  83.5051
1                 0.0       0.0000    0.0000           0.0            0.0           0.9724        0.8276      1.8000             0.0000    0.0000           0.0000              0.0000          0.0043  87.6595
2                 1.0       0.0000    0.4118           0.0            0.0           2.1765        0.9412      3.5294             1.4118    1.0000           2.8431              0.0000          0.0052  91.3210
--------------------------------------------------

✅ 학습 완료 및 모델 업데이트 성공! (총 학습 데이터: 196개)
💤 다음 학습까지 3600초 대기 중...


========================================
🚀 ML 백그라운드 워커 구동 시작 (2026-04-10 23:49:28)
========================================

특징(Feature) 추출 및 스케일링 진행 중...
K-Means 모델 학습 중...

[군집화 결과 요약]
--------------------------------------------------
            for_count  while_count  if_count  switch_count  ternary_count  func_call_count  assign_count  line_count  max_nesting_depth  has_loop  loop_efficiency  has_infinite_while  execution_time    score
cluster_id                                                                                                                                                                                                     
0                 0.0       0.7647    1.0882           0.0            0.0           1.5294        1.2353      4.7059             1.8529    0.7647           1.0588              0.5294          0.0060  83.5051
1                 0.0       0.0000    0.0068           0.0            0.0           0.9728        0.8299      1.8095             0.0068    0.0000           0.0000              0.0000          0.0042  87.2037
2                 1.0       0.0000    0.4118           0.0            0.0           2.1765        0.9412      3.5294             1.4118    1.0000           2.8431              0.0000          0.0052  91.3210
--------------------------------------------------

✅ 학습 완료 및 모델 업데이트 성공! (총 학습 데이터: 198개)
💤 다음 학습까지 3600초 대기 중...


========================================
🚀 ML 백그라운드 워커 구동 시작 (2026-04-11 00:49:28)
========================================

특징(Feature) 추출 및 스케일링 진행 중...
K-Means 모델 학습 중...

[군집화 결과 요약]
--------------------------------------------------
            for_count  while_count  if_count  switch_count  ternary_count  func_call_count  assign_count  line_count  max_nesting_depth  has_loop  loop_efficiency  has_infinite_while  execution_time    score
cluster_id                                                                                                                                                                                                     
0                 0.0          0.0    0.1210           0.0            0.0           1.0318        0.8408      1.9936             0.1210       0.0           0.0000              0.0000          0.0046  85.5346
1                 0.0          1.0    0.7931           0.0            0.0           1.3793        1.2759      4.5517             1.7931       1.0           1.4483              0.7241          0.0041  90.2797
2                 1.0          0.0    0.4118           0.0            0.0           2.1765        0.9412      3.5294             1.4118       1.0           2.8431              0.0000          0.0052  91.3210
--------------------------------------------------

✅ 학습 완료 및 모델 업데이트 성공! (총 학습 데이터: 203개)
💤 다음 학습까지 3600초 대기 중...


========================================
🚀 ML 백그라운드 워커 구동 시작 (2026-04-11 01:49:28)
========================================

특징(Feature) 추출 및 스케일링 진행 중...
K-Means 모델 학습 중...

[군집화 결과 요약]
--------------------------------------------------
            for_count  while_count  if_count  switch_count  ternary_count  func_call_count  assign_count  line_count  max_nesting_depth  has_loop  loop_efficiency  has_infinite_while  execution_time    score
cluster_id                                                                                                                                                                                                     
0               0.000        0.000    0.0067           0.0            0.0           0.9733        0.8333      1.8133             0.0067     0.000           0.0000              0.0000          0.0042  86.5594
1               0.125        0.500    2.0000           0.0            0.0           2.1250        1.2083      5.8333             2.6250     0.625           0.7917              0.2917          0.0063  76.0205
2               0.359        0.641    0.0513           0.0            0.0           1.3590        1.0513      3.1795             1.0513     1.000           2.2393              0.5641          0.0044  93.5287
--------------------------------------------------

✅ 학습 완료 및 모델 업데이트 성공! (총 학습 데이터: 213개)
💤 다음 학습까지 3600초 대기 중...


========================================
🚀 ML 백그라운드 워커 구동 시작 (2026-04-11 02:49:28)
========================================

특징(Feature) 추출 및 스케일링 진행 중...
K-Means 모델 학습 중...

[군집화 결과 요약]
--------------------------------------------------
            for_count  while_count  if_count  switch_count  ternary_count  func_call_count  assign_count  line_count  max_nesting_depth  has_loop  loop_efficiency  has_infinite_while  execution_time    score
cluster_id                                                                                                                                                                                                     
0               0.000        0.000    0.0067           0.0            0.0           0.9733        0.8333      1.8133             0.0067     0.000           0.0000              0.0000          0.0042  86.5594
1               0.125        0.500    2.0000           0.0            0.0           2.1250        1.2083      5.8333             2.6250     0.625           0.7917              0.2917          0.0063  76.0205
2               0.359        0.641    0.0513           0.0            0.0           1.3590        1.0513      3.1795             1.0513     1.000           2.2393              0.5641          0.0044  93.5287
--------------------------------------------------

✅ 학습 완료 및 모델 업데이트 성공! (총 학습 데이터: 213개)
💤 다음 학습까지 3600초 대기 중...


========================================
🚀 ML 백그라운드 워커 구동 시작 (2026-04-11 03:49:28)
========================================

특징(Feature) 추출 및 스케일링 진행 중...
K-Means 모델 학습 중...

[군집화 결과 요약]
--------------------------------------------------
            for_count  while_count  if_count  switch_count  ternary_count  func_call_count  assign_count  line_count  max_nesting_depth  has_loop  loop_efficiency  has_infinite_while  execution_time    score
cluster_id                                                                                                                                                                                                     
0               0.000        0.000    0.0067           0.0            0.0           0.9733        0.8333      1.8133             0.0067     0.000           0.0000              0.0000          0.0042  86.5594
1               0.125        0.500    2.0000           0.0            0.0           2.1250        1.2083      5.8333             2.6250     0.625           0.7917              0.2917          0.0063  76.0205
2               0.359        0.641    0.0513           0.0            0.0           1.3590        1.0513      3.1795             1.0513     1.000           2.2393              0.5641          0.0044  93.5287
--------------------------------------------------

✅ 학습 완료 및 모델 업데이트 성공! (총 학습 데이터: 213개)
💤 다음 학습까지 3600초 대기 중...


========================================
🚀 ML 백그라운드 워커 구동 시작 (2026-04-11 04:49:28)
========================================

특징(Feature) 추출 및 스케일링 진행 중...
K-Means 모델 학습 중...

[군집화 결과 요약]
--------------------------------------------------
            for_count  while_count  if_count  switch_count  ternary_count  func_call_count  assign_count  line_count  max_nesting_depth  has_loop  loop_efficiency  has_infinite_while  execution_time    score
cluster_id                                                                                                                                                                                                     
0               0.000        0.000    0.0067           0.0            0.0           0.9733        0.8333      1.8133             0.0067     0.000           0.0000              0.0000          0.0042  86.5594
1               0.125        0.500    2.0000           0.0            0.0           2.1250        1.2083      5.8333             2.6250     0.625           0.7917              0.2917          0.0063  76.0205
2               0.359        0.641    0.0513           0.0            0.0           1.3590        1.0513      3.1795             1.0513     1.000           2.2393              0.5641          0.0044  93.5287
--------------------------------------------------

✅ 학습 완료 및 모델 업데이트 성공! (총 학습 데이터: 213개)
💤 다음 학습까지 3600초 대기 중...


========================================
🚀 ML 백그라운드 워커 구동 시작 (2026-04-11 05:49:28)
========================================

특징(Feature) 추출 및 스케일링 진행 중...
K-Means 모델 학습 중...

[군집화 결과 요약]
--------------------------------------------------
            for_count  while_count  if_count  switch_count  ternary_count  func_call_count  assign_count  line_count  max_nesting_depth  has_loop  loop_efficiency  has_infinite_while  execution_time    score
cluster_id                                                                                                                                                                                                     
0               0.000        0.000    0.0067           0.0            0.0           0.9733        0.8333      1.8133             0.0067     0.000           0.0000              0.0000          0.0042  86.5594
1               0.125        0.500    2.0000           0.0            0.0           2.1250        1.2083      5.8333             2.6250     0.625           0.7917              0.2917          0.0063  76.0205
2               0.359        0.641    0.0513           0.0            0.0           1.3590        1.0513      3.1795             1.0513     1.000           2.2393              0.5641          0.0044  93.5287
--------------------------------------------------

✅ 학습 완료 및 모델 업데이트 성공! (총 학습 데이터: 213개)
💤 다음 학습까지 3600초 대기 중...


========================================
🚀 ML 백그라운드 워커 구동 시작 (2026-04-11 06:49:28)
========================================

특징(Feature) 추출 및 스케일링 진행 중...
K-Means 모델 학습 중...

[군집화 결과 요약]
--------------------------------------------------
            for_count  while_count  if_count  switch_count  ternary_count  func_call_count  assign_count  line_count  max_nesting_depth  has_loop  loop_efficiency  has_infinite_while  execution_time    score
cluster_id                                                                                                                                                                                                     
0               0.000        0.000    0.0067           0.0            0.0           0.9733        0.8333      1.8133             0.0067     0.000           0.0000              0.0000          0.0042  86.5594
1               0.125        0.500    2.0000           0.0            0.0           2.1250        1.2083      5.8333             2.6250     0.625           0.7917              0.2917          0.0063  76.0205
2               0.359        0.641    0.0513           0.0            0.0           1.3590        1.0513      3.1795             1.0513     1.000           2.2393              0.5641          0.0044  93.5287
--------------------------------------------------

✅ 학습 완료 및 모델 업데이트 성공! (총 학습 데이터: 213개)
💤 다음 학습까지 3600초 대기 중...


========================================
🚀 ML 백그라운드 워커 구동 시작 (2026-04-11 07:49:28)
========================================

특징(Feature) 추출 및 스케일링 진행 중...
K-Means 모델 학습 중...

[군집화 결과 요약]
--------------------------------------------------
            for_count  while_count  if_count  switch_count  ternary_count  func_call_count  assign_count  line_count  max_nesting_depth  has_loop  loop_efficiency  has_infinite_while  execution_time    score
cluster_id                                                                                                                                                                                                     
0               0.000        0.000    0.0067           0.0            0.0           0.9733        0.8333      1.8133             0.0067     0.000           0.0000              0.0000          0.0042  86.5594
1               0.125        0.500    2.0000           0.0            0.0           2.1250        1.2083      5.8333             2.6250     0.625           0.7917              0.2917          0.0063  76.0205
2               0.359        0.641    0.0513           0.0            0.0           1.3590        1.0513      3.1795             1.0513     1.000           2.2393              0.5641          0.0044  93.5287
--------------------------------------------------

✅ 학습 완료 및 모델 업데이트 성공! (총 학습 데이터: 213개)
💤 다음 학습까지 3600초 대기 중...


========================================
🚀 ML 백그라운드 워커 구동 시작 (2026-04-11 08:49:28)
========================================

특징(Feature) 추출 및 스케일링 진행 중...
K-Means 모델 학습 중...

[군집화 결과 요약]
--------------------------------------------------
            for_count  while_count  if_count  switch_count  ternary_count  func_call_count  assign_count  line_count  max_nesting_depth  has_loop  loop_efficiency  has_infinite_while  execution_time    score
cluster_id                                                                                                                                                                                                     
0               0.000        0.000    0.0067           0.0            0.0           0.9733        0.8333      1.8133             0.0067     0.000           0.0000              0.0000          0.0042  86.5594
1               0.125        0.500    2.0000           0.0            0.0           2.1250        1.2083      5.8333             2.6250     0.625           0.7917              0.2917          0.0063  76.0205
2               0.359        0.641    0.0513           0.0            0.0           1.3590        1.0513      3.1795             1.0513     1.000           2.2393              0.5641          0.0044  93.5287
--------------------------------------------------

✅ 학습 완료 및 모델 업데이트 성공! (총 학습 데이터: 213개)
💤 다음 학습까지 3600초 대기 중...


========================================
🚀 ML 백그라운드 워커 구동 시작 (2026-04-11 09:49:28)
========================================

특징(Feature) 추출 및 스케일링 진행 중...
K-Means 모델 학습 중...

[군집화 결과 요약]
--------------------------------------------------
            for_count  while_count  if_count  switch_count  ternary_count  func_call_count  assign_count  line_count  max_nesting_depth  has_loop  loop_efficiency  has_infinite_while  execution_time    score
cluster_id                                                                                                                                                                                                     
0                 0.0       0.0000    0.0256           0.0            0.0           0.9744        0.8397      1.8397             0.0256    0.0000           0.0000              0.0000          0.0041  85.3131
1                 0.0       0.8085    0.9574           0.0            0.0           1.4681        1.1702      4.4681             1.7660    0.8085           1.2766              0.6383          0.0051  85.3824
2                 1.0       0.0000    0.4211           0.0            0.0           2.1579        0.9474      3.5263             1.4211    1.0000           2.8509              0.0000          0.0049  90.6546
--------------------------------------------------

✅ 학습 완료 및 모델 업데이트 성공! (총 학습 데이터: 222개)
💤 다음 학습까지 3600초 대기 중...


========================================
🚀 ML 백그라운드 워커 구동 시작 (2026-04-11 10:49:28)
========================================

특징(Feature) 추출 및 스케일링 진행 중...
K-Means 모델 학습 중...

[군집화 결과 요약]
--------------------------------------------------
            for_count  while_count  if_count  switch_count  ternary_count  func_call_count  assign_count  line_count  max_nesting_depth  has_loop  loop_efficiency  has_infinite_while  execution_time    score
cluster_id                                                                                                                                                                                                     
0              0.0000          0.0    0.0373           0.0            0.0           0.9752        0.8447      1.8571             0.0373    0.0000           0.0000                 0.0          0.0041  84.3505
1              0.7273          0.0    0.8485           0.0            0.0           2.0909        0.9697      3.9091             1.5758    0.7273           2.0959                 0.0          0.0061  81.8903
2              0.0000          1.0    0.6750           0.0            0.0           1.3250        1.2000      4.2750             1.6750    1.0000           1.6000                 0.8          0.0037  91.1153
--------------------------------------------------

✅ 학습 완료 및 모델 업데이트 성공! (총 학습 데이터: 234개)
💤 다음 학습까지 3600초 대기 중...


========================================
🚀 ML 백그라운드 워커 구동 시작 (2026-04-11 11:49:31)
========================================

특징(Feature) 추출 및 스케일링 진행 중...
K-Means 모델 학습 중...

[군집화 결과 요약]
--------------------------------------------------
            for_count  while_count  if_count  switch_count  ternary_count  func_call_count  assign_count  line_count  max_nesting_depth  has_loop  loop_efficiency  has_infinite_while  execution_time    score
cluster_id                                                                                                                                                                                                     
0              0.0000          1.0    0.6739           0.0            0.0           1.3261        1.1739      4.2391             1.6739    1.0000           1.6522              0.8261          0.0035  91.4028
1              0.0000          0.0    0.0370           0.0            0.0           0.9753        0.8457      1.8580             0.0370    0.0000           0.0000              0.0000          0.0040  84.1693
2              0.7273          0.0    0.8485           0.0            0.0           2.0909        0.9697      3.9091             1.5758    0.7273           2.0959              0.0000          0.0061  81.8903
--------------------------------------------------

✅ 학습 완료 및 모델 업데이트 성공! (총 학습 데이터: 241개)
💤 다음 학습까지 3600초 대기 중...


========================================
🚀 ML 백그라운드 워커 구동 시작 (2026-04-11 12:49:33)
========================================

특징(Feature) 추출 및 스케일링 진행 중...
K-Means 모델 학습 중...

[군집화 결과 요약]
--------------------------------------------------
            for_count  while_count  if_count  switch_count  ternary_count  func_call_count  assign_count  line_count  max_nesting_depth  has_loop  loop_efficiency  has_infinite_while  execution_time    score
cluster_id                                                                                                                                                                                                     
0                 0.0          0.0    0.1404           0.0            0.0           1.0292        0.8538      2.0234             0.1404       0.0           0.0000              0.0000          0.0044  82.9849
1                 0.0          1.0    0.7358           0.0            0.0           1.3585        1.1509      4.3019             1.7358       1.0           1.6981              0.8491          0.0033  91.6560
2                 1.0          0.0    0.4167           0.0            0.0           2.1250        0.9583      3.5000             1.4167       1.0           2.8819              0.0000          0.0044  89.4740
--------------------------------------------------

✅ 학습 완료 및 모델 업데이트 성공! (총 학습 데이터: 248개)
💤 다음 학습까지 3600초 대기 중...


========================================
🚀 ML 백그라운드 워커 구동 시작 (2026-04-11 13:49:33)
========================================

특징(Feature) 추출 및 스케일링 진행 중...
K-Means 모델 학습 중...

[군집화 결과 요약]
--------------------------------------------------
            for_count  while_count  if_count  switch_count  ternary_count  func_call_count  assign_count  line_count  max_nesting_depth  has_loop  loop_efficiency  has_infinite_while  execution_time    score
cluster_id                                                                                                                                                                                                     
0                 1.0          0.0    0.4167           0.0            0.0           2.1250        0.9583      3.5000             1.4167       1.0           2.8819              0.0000          0.0044  89.4740
1                 0.0          0.0    0.1461           0.0            0.0           1.0337        0.8596      2.0393             0.1461       0.0           0.0000              0.0000          0.0043  81.8783
2                 0.0          1.0    0.7091           0.0            0.0           1.3455        1.1455      4.2545             1.7091       1.0           1.7091              0.8545          0.0033  91.7166
--------------------------------------------------

✅ 학습 완료 및 모델 업데이트 성공! (총 학습 데이터: 257개)
💤 다음 학습까지 3600초 대기 중...


========================================
🚀 ML 백그라운드 워커 구동 시작 (2026-04-11 14:49:33)
========================================

특징(Feature) 추출 및 스케일링 진행 중...
K-Means 모델 학습 중...

[군집화 결과 요약]
--------------------------------------------------
            for_count  while_count  if_count  switch_count  ternary_count  func_call_count  assign_count  line_count  max_nesting_depth  has_loop  loop_efficiency  has_infinite_while  execution_time    score
cluster_id                                                                                                                                                                                                     
0                 1.0          0.0    0.4167           0.0            0.0           2.1250        0.9583      3.5000             1.4167       1.0           2.8819              0.0000          0.0044  89.4740
1                 0.0          0.0    0.1461           0.0            0.0           1.0337        0.8596      2.0393             0.1461       0.0           0.0000              0.0000          0.0043  81.8783
2                 0.0          1.0    0.7091           0.0            0.0           1.3455        1.1455      4.2545             1.7091       1.0           1.7091              0.8545          0.0033  91.7166
--------------------------------------------------

✅ 학습 완료 및 모델 업데이트 성공! (총 학습 데이터: 257개)
💤 다음 학습까지 3600초 대기 중...


========================================
🚀 ML 백그라운드 워커 구동 시작 (2026-04-11 15:49:33)
========================================

특징(Feature) 추출 및 스케일링 진행 중...
K-Means 모델 학습 중...

[군집화 결과 요약]
--------------------------------------------------
            for_count  while_count  if_count  switch_count  ternary_count  func_call_count  assign_count  line_count  max_nesting_depth  has_loop  loop_efficiency  has_infinite_while  execution_time    score
cluster_id                                                                                                                                                                                                     
0                 0.0          0.0    0.1461           0.0            0.0           1.0337        0.8596      2.0393             0.1461       0.0           0.0000              0.0000          0.0043  81.8783
1                 0.0          1.0    0.6964           0.0            0.0           1.3393        1.1429      4.2321             1.6964       1.0           1.7143              0.8571          0.0033  91.7452
2                 1.0          0.0    0.4167           0.0            0.0           2.1250        0.9583      3.5000             1.4167       1.0           2.8819              0.0000          0.0044  89.4740
--------------------------------------------------

✅ 학습 완료 및 모델 업데이트 성공! (총 학습 데이터: 258개)
💤 다음 학습까지 3600초 대기 중...


========================================
🚀 ML 백그라운드 워커 구동 시작 (2026-04-11 16:49:33)
========================================

특징(Feature) 추출 및 스케일링 진행 중...
K-Means 모델 학습 중...

[군집화 결과 요약]
--------------------------------------------------
            for_count  while_count  if_count  switch_count  ternary_count  func_call_count  assign_count  line_count  max_nesting_depth  has_loop  loop_efficiency  has_infinite_while  execution_time    score
cluster_id                                                                                                                                                                                                     
0                 0.0          0.0    0.1461           0.0            0.0           1.0337        0.8596      2.0393             0.1461       0.0           0.0000              0.0000          0.0043  81.8783
1                 0.0          1.0    0.6964           0.0            0.0           1.3393        1.1429      4.2321             1.6964       1.0           1.7143              0.8571          0.0033  91.7452
2                 1.0          0.0    0.4167           0.0            0.0           2.1250        0.9583      3.5000             1.4167       1.0           2.8819              0.0000          0.0044  89.4740
--------------------------------------------------

✅ 학습 완료 및 모델 업데이트 성공! (총 학습 데이터: 258개)
💤 다음 학습까지 3600초 대기 중...


========================================
🚀 ML 백그라운드 워커 구동 시작 (2026-04-11 17:49:33)
========================================

특징(Feature) 추출 및 스케일링 진행 중...
K-Means 모델 학습 중...

[군집화 결과 요약]
--------------------------------------------------
            for_count  while_count  if_count  switch_count  ternary_count  func_call_count  assign_count  line_count  max_nesting_depth  has_loop  loop_efficiency  has_infinite_while  execution_time    score
cluster_id                                                                                                                                                                                                     
0              0.6857          0.0    0.9143           0.0            0.0           2.0857        0.9714      3.9714             1.6000    0.6857           1.9762              0.0000          0.0059  80.2960
1              0.0000          0.0    0.0353           0.0            0.0           0.9765        0.8529      1.8647             0.0353    0.0000           0.0000              0.0000          0.0040  82.7960
2              0.0000          1.0    0.6964           0.0            0.0           1.3393        1.1429      4.2321             1.6964    1.0000           1.7143              0.8571          0.0033  91.7452
--------------------------------------------------

✅ 학습 완료 및 모델 업데이트 성공! (총 학습 데이터: 261개)
💤 다음 학습까지 3600초 대기 중...


========================================
🚀 ML 백그라운드 워커 구동 시작 (2026-04-11 18:49:33)
========================================

특징(Feature) 추출 및 스케일링 진행 중...
K-Means 모델 학습 중...

[군집화 결과 요약]
--------------------------------------------------
            for_count  while_count  if_count  switch_count  ternary_count  func_call_count  assign_count  line_count  max_nesting_depth  has_loop  loop_efficiency  has_infinite_while  execution_time    score
cluster_id                                                                                                                                                                                                     
0              0.0000       0.0000    0.0347           0.0            0.0           0.9769        0.8555      1.8671             0.0347    0.0000           0.0000              0.0000          0.0039  82.3138
1              0.0857       0.5429    2.0000           0.0            0.0           2.0857        1.1429      5.7714             2.6286    0.6286           0.9429              0.4000          0.0050  76.9626
2              0.3729       0.6271    0.0847           0.0            0.0           1.3729        1.0339      3.1695             1.0847    1.0000           2.2966              0.5763          0.0037  92.3283
--------------------------------------------------

✅ 학습 완료 및 모델 업데이트 성공! (총 학습 데이터: 267개)
💤 다음 학습까지 3600초 대기 중...


========================================
🚀 ML 백그라운드 워커 구동 시작 (2026-04-11 19:49:33)
========================================

특징(Feature) 추출 및 스케일링 진행 중...
K-Means 모델 학습 중...

[군집화 결과 요약]
--------------------------------------------------
            for_count  while_count  if_count  switch_count  ternary_count  func_call_count  assign_count  line_count  max_nesting_depth  has_loop  loop_efficiency  has_infinite_while  execution_time    score
cluster_id                                                                                                                                                                                                     
0              0.0833       0.5278    2.0000           0.0            0.0           2.0833        1.1389      5.7500             2.6111    0.6111           0.9167              0.3889          0.0049  76.3245
1              0.0000       0.0000    0.0337           0.0            0.0           0.9775        0.8596      1.8708             0.0337    0.0000           0.0000              0.0000          0.0039  81.5463
2              0.3729       0.6271    0.0847           0.0            0.0           1.3729        1.0339      3.1695             1.0847    1.0000           2.2966              0.5763          0.0037  92.3283
--------------------------------------------------

✅ 학습 완료 및 모델 업데이트 성공! (총 학습 데이터: 273개)
💤 다음 학습까지 3600초 대기 중...


========================================
🚀 ML 백그라운드 워커 구동 시작 (2026-04-11 20:49:33)
========================================

특징(Feature) 추출 및 스케일링 진행 중...
K-Means 모델 학습 중...

[군집화 결과 요약]
--------------------------------------------------
            for_count  while_count  if_count  switch_count  ternary_count  func_call_count  assign_count  line_count  max_nesting_depth  has_loop  loop_efficiency  has_infinite_while  execution_time    score
cluster_id                                                                                                                                                                                                     
0              0.0833       0.5278    2.0000           0.0            0.0           2.0833        1.1389      5.7500             2.6111    0.6111           0.9167              0.3889          0.0049  76.3245
1              0.0000       0.0000    0.0337           0.0            0.0           0.9775        0.8596      1.8708             0.0337    0.0000           0.0000              0.0000          0.0039  81.5463
2              0.3729       0.6271    0.0847           0.0            0.0           1.3729        1.0339      3.1695             1.0847    1.0000           2.2966              0.5763          0.0037  92.3283
--------------------------------------------------

✅ 학습 완료 및 모델 업데이트 성공! (총 학습 데이터: 273개)
💤 다음 학습까지 3600초 대기 중...


========================================
🚀 ML 백그라운드 워커 구동 시작 (2026-04-11 21:49:33)
========================================

특징(Feature) 추출 및 스케일링 진행 중...
K-Means 모델 학습 중...

[군집화 결과 요약]
--------------------------------------------------
            for_count  while_count  if_count  switch_count  ternary_count  func_call_count  assign_count  line_count  max_nesting_depth  has_loop  loop_efficiency  has_infinite_while  execution_time    score
cluster_id                                                                                                                                                                                                     
0              0.0833       0.5278    2.0000           0.0            0.0           2.0833        1.1389      5.7500             2.6111    0.6111           0.9167              0.3889          0.0049  76.3245
1              0.0000       0.0000    0.0337           0.0            0.0           0.9775        0.8596      1.8708             0.0337    0.0000           0.0000              0.0000          0.0039  81.5463
2              0.3729       0.6271    0.0847           0.0            0.0           1.3729        1.0339      3.1695             1.0847    1.0000           2.2966              0.5763          0.0037  92.3283
--------------------------------------------------

✅ 학습 완료 및 모델 업데이트 성공! (총 학습 데이터: 273개)
💤 다음 학습까지 3600초 대기 중...


========================================
🚀 ML 백그라운드 워커 구동 시작 (2026-04-11 22:49:33)
========================================

특징(Feature) 추출 및 스케일링 진행 중...
K-Means 모델 학습 중...

[군집화 결과 요약]
--------------------------------------------------
            for_count  while_count  if_count  switch_count  ternary_count  func_call_count  assign_count  line_count  max_nesting_depth  has_loop  loop_efficiency  has_infinite_while  execution_time    score
cluster_id                                                                                                                                                                                                     
0              0.0000       0.0000    0.0333           0.0            0.0           0.9778        0.8611      1.8722             0.0333    0.0000           0.0000              0.0000          0.0039  81.2512
1              0.0000       1.0000    0.5686           0.0            0.0           1.2745        1.0588      3.9608             1.5686    1.0000           1.8824              0.9412          0.0031  93.5994
2              0.5745       0.1064    1.1064           0.0            0.0           2.0851        1.0851      4.3830             1.7872    0.6809           1.6489              0.0000          0.0052  77.5270
--------------------------------------------------

✅ 학습 완료 및 모델 업데이트 성공! (총 학습 데이터: 278개)
💤 다음 학습까지 3600초 대기 중...


========================================
🚀 ML 백그라운드 워커 구동 시작 (2026-04-11 23:49:34)
========================================

특징(Feature) 추출 및 스케일링 진행 중...
K-Means 모델 학습 중...

[군집화 결과 요약]
--------------------------------------------------
            for_count  while_count  if_count  switch_count  ternary_count  func_call_count  assign_count  line_count  max_nesting_depth  has_loop  loop_efficiency  has_infinite_while  execution_time    score
cluster_id                                                                                                                                                                                                     
0              0.0000       0.0000    0.0333           0.0            0.0           0.9778        0.8611      1.8722             0.0333    0.0000           0.0000              0.0000          0.0039  81.2512
1              0.0000       1.0000    0.5686           0.0            0.0           1.2745        1.0588      3.9608             1.5686    1.0000           1.8824              0.9412          0.0031  93.5994
2              0.5745       0.1064    1.1064           0.0            0.0           2.0851        1.0851      4.3830             1.7872    0.6809           1.6489              0.0000          0.0052  77.5270
--------------------------------------------------

✅ 학습 완료 및 모델 업데이트 성공! (총 학습 데이터: 278개)
💤 다음 학습까지 3600초 대기 중...


========================================
🚀 ML 백그라운드 워커 구동 시작 (2026-04-12 00:49:34)
========================================

특징(Feature) 추출 및 스케일링 진행 중...
K-Means 모델 학습 중...

[군집화 결과 요약]
--------------------------------------------------
            for_count  while_count  if_count  switch_count  ternary_count  func_call_count  assign_count  line_count  max_nesting_depth  has_loop  loop_efficiency  has_infinite_while  execution_time    score
cluster_id                                                                                                                                                                                                     
0                 0.0          1.0    0.6964           0.0            0.0           1.3393        1.1429      4.2321             1.6964       1.0           1.7143              0.8571          0.0033  91.7452
1                 0.0          0.0    0.1980           0.0            0.0           1.0644        0.8762      2.1386             0.1980       0.0           0.0000              0.0000          0.0041  78.6489
2                 1.0          0.0    0.4828           0.0            0.0           2.1724        0.9655      3.6207             1.4828       1.0           2.8448              0.0000          0.0040  88.5857
--------------------------------------------------

✅ 학습 완료 및 모델 업데이트 성공! (총 학습 데이터: 287개)
💤 다음 학습까지 3600초 대기 중...


========================================
🚀 ML 백그라운드 워커 구동 시작 (2026-04-12 01:50:01)
========================================

🚨 워커 실행 중 치명적 에러 발생: Packet sequence number wrong - got 1 expected 2
💤 다음 학습까지 3600초 대기 중...


========================================
🚀 ML 백그라운드 워커 구동 시작 (2026-04-12 03:24:01)
========================================

🚨 워커 실행 중 치명적 에러 발생: (2003, "Can't connect to MySQL server on '13.237.51.219' ([Errno 101] Network is unreachable)")
💤 다음 학습까지 3600초 대기 중...


========================================
🚀 ML 백그라운드 워커 구동 시작 (2026-04-12 04:24:01)
========================================

🚨 워커 실행 중 치명적 에러 발생: (2003, "Can't connect to MySQL server on '13.237.51.219' ([Errno 101] Network is unreachable)")
💤 다음 학습까지 3600초 대기 중...


========================================
🚀 ML 백그라운드 워커 구동 시작 (2026-04-12 05:24:01)
========================================

🚨 워커 실행 중 치명적 에러 발생: (2003, "Can't connect to MySQL server on '13.237.51.219' ([Errno 101] Network is unreachable)")
💤 다음 학습까지 3600초 대기 중...


========================================
🚀 ML 백그라운드 워커 구동 시작 (2026-04-12 06:24:01)
========================================

🚨 워커 실행 중 치명적 에러 발생: (2003, "Can't connect to MySQL server on '13.237.51.219' ([Errno 101] Network is unreachable)")
💤 다음 학습까지 3600초 대기 중...


========================================
🚀 ML 백그라운드 워커 구동 시작 (2026-04-12 07:24:01)
========================================

🚨 워커 실행 중 치명적 에러 발생: (2003, "Can't connect to MySQL server on '13.237.51.219' ([Errno 101] Network is unreachable)")
💤 다음 학습까지 3600초 대기 중...


========================================
🚀 ML 백그라운드 워커 구동 시작 (2026-04-12 08:24:01)
========================================

🚨 워커 실행 중 치명적 에러 발생: (2003, "Can't connect to MySQL server on '13.237.51.219' ([Errno 101] Network is unreachable)")
💤 다음 학습까지 3600초 대기 중...


========================================
🚀 ML 백그라운드 워커 구동 시작 (2026-04-12 09:24:01)
========================================

🚨 워커 실행 중 치명적 에러 발생: (2003, "Can't connect to MySQL server on '13.237.51.219' ([Errno 101] Network is unreachable)")
💤 다음 학습까지 3600초 대기 중...

nohup: ignoring input
🔄 ML 백그라운드 워커를 시작합니다... (3600초 주기)

========================================
🚀 ML 백그라운드 워커 구동 시작 (2026-04-12 09:46:40)
========================================

특징(Feature) 추출 및 스케일링 진행 중...
K-Means 모델 학습 중...

[군집화 결과 요약]
--------------------------------------------------
            for_count  while_count  if_count  switch_count  ternary_count  func_call_count  assign_count  line_count  max_nesting_depth  has_loop  loop_efficiency  has_infinite_while  execution_time    score
cluster_id                                                                                                                                                                                                     
0              0.0000       0.0000    0.0319           0.0            0.0           0.9787        0.8670      1.8777             0.0319    0.0000           0.0000              0.0000          0.0038  80.1337
1              0.1190       0.4524    2.0000           0.0            0.0           2.1190        1.1190      5.6905             2.5714    0.5714           0.8651              0.3333          0.0046  74.5300
2              0.3871       0.6129    0.0806           0.0            0.0           1.3871        1.0484      3.1935             1.0806    1.0000           2.2930              0.5484          0.0292  91.6358
--------------------------------------------------

✅ 학습 완료 및 모델 업데이트 성공! (총 학습 데이터: 292개)
💤 다음 학습까지 3600초 대기 중...


========================================
🚀 ML 백그라운드 워커 구동 시작 (2026-04-12 10:46:41)
========================================

특징(Feature) 추출 및 스케일링 진행 중...
K-Means 모델 학습 중...

[군집화 결과 요약]
--------------------------------------------------
            for_count  while_count  if_count  switch_count  ternary_count  func_call_count  assign_count  line_count  max_nesting_depth  has_loop  loop_efficiency  has_infinite_while  execution_time    score
cluster_id                                                                                                                                                                                                     
0                 0.0          0.0    0.2019           0.0            0.0           1.0673        0.8798      2.1490             0.2019       0.0           0.0000              0.0000           0.004  77.9615
1                 0.0          1.0    0.6842           0.0            0.0           1.3333        1.1579      4.2456             1.6842       1.0           1.6842              0.8421           0.031  91.2597
2                 1.0          0.0    0.4828           0.0            0.0           2.1724        0.9655      3.6207             1.4828       1.0           2.8448              0.0000           0.004  88.5857
--------------------------------------------------

✅ 학습 완료 및 모델 업데이트 성공! (총 학습 데이터: 294개)
💤 다음 학습까지 3600초 대기 중...


========================================
🚀 ML 백그라운드 워커 구동 시작 (2026-04-12 11:46:41)
========================================

특징(Feature) 추출 및 스케일링 진행 중...
K-Means 모델 학습 중...

[군집화 결과 요약]
--------------------------------------------------
            for_count  while_count  if_count  switch_count  ternary_count  func_call_count  assign_count  line_count  max_nesting_depth  has_loop  loop_efficiency  has_infinite_while  execution_time    score
cluster_id                                                                                                                                                                                                     
0                 0.0          0.0    0.2019           0.0            0.0           1.0673        0.8798      2.1490             0.2019       0.0           0.0000              0.0000           0.004  77.9615
1                 0.0          1.0    0.6842           0.0            0.0           1.3333        1.1579      4.2456             1.6842       1.0           1.6842              0.8421           0.031  91.2597
2                 1.0          0.0    0.4828           0.0            0.0           2.1724        0.9655      3.6207             1.4828       1.0           2.8448              0.0000           0.004  88.5857
--------------------------------------------------

✅ 학습 완료 및 모델 업데이트 성공! (총 학습 데이터: 294개)
💤 다음 학습까지 3600초 대기 중...


========================================
🚀 ML 백그라운드 워커 구동 시작 (2026-04-12 12:46:41)
========================================

특징(Feature) 추출 및 스케일링 진행 중...
K-Means 모델 학습 중...

[군집화 결과 요약]
--------------------------------------------------
            for_count  while_count  if_count  switch_count  ternary_count  func_call_count  assign_count  line_count  max_nesting_depth  has_loop  loop_efficiency  has_infinite_while  execution_time    score
cluster_id                                                                                                                                                                                                     
0                 0.0          0.0    0.2019           0.0            0.0           1.0673        0.8798      2.1490             0.2019       0.0           0.0000              0.0000           0.004  77.9615
1                 0.0          1.0    0.6842           0.0            0.0           1.3333        1.1579      4.2456             1.6842       1.0           1.6842              0.8421           0.031  91.2597
2                 1.0          0.0    0.4828           0.0            0.0           2.1724        0.9655      3.6207             1.4828       1.0           2.8448              0.0000           0.004  88.5857
--------------------------------------------------

✅ 학습 완료 및 모델 업데이트 성공! (총 학습 데이터: 294개)
💤 다음 학습까지 3600초 대기 중...


========================================
🚀 ML 백그라운드 워커 구동 시작 (2026-04-12 13:46:41)
========================================

특징(Feature) 추출 및 스케일링 진행 중...
K-Means 모델 학습 중...

[군집화 결과 요약]
--------------------------------------------------
            for_count  while_count  if_count  switch_count  ternary_count  func_call_count  assign_count  line_count  max_nesting_depth  has_loop  loop_efficiency  has_infinite_while  execution_time    score
cluster_id                                                                                                                                                                                                     
0              0.0000       0.0000    0.0309           0.0            0.0           0.9794        0.8711      1.8814             0.0309    0.0000           0.0000              0.0000          0.0039  79.3551
1              0.5636       0.0909    1.1636           0.0            0.0           2.1091        1.0727      4.4364             1.8182    0.6545           1.5909              0.0000          0.0055  76.2935
2              0.0000       1.0000    0.5577           0.0            0.0           1.2692        1.0769      3.9808             1.5577    1.0000           1.8462              0.9231          0.0335  93.0315
--------------------------------------------------

✅ 학습 완료 및 모델 업데이트 성공! (총 학습 데이터: 301개)
💤 다음 학습까지 3600초 대기 중...

nohup: ignoring input
🔄 ML 백그라운드 워커를 시작합니다... (3600초 주기)

========================================
🚀 ML 백그라운드 워커 구동 시작 (2026-04-12 14:15:34)
========================================

특징(Feature) 추출 및 스케일링 진행 중...
K-Means 모델 학습 중...

[군집화 결과 요약]
--------------------------------------------------
            for_count  while_count  if_count  switch_count  ternary_count  func_call_count  assign_count  line_count  max_nesting_depth  has_loop  loop_efficiency  has_infinite_while  execution_time    score
cluster_id                                                                                                                                                                                                     
0               0.000       0.0000    0.0305           0.0            0.0           0.9797        0.8731      1.8832             0.0305    0.0000           0.0000              0.0000          0.0039  78.9840
1               0.000       1.0000    0.5577           0.0            0.0           1.2692        1.0769      3.9808             1.5577    1.0000           1.8462              0.9231          0.0335  93.0315
2               0.569       0.0862    1.1724           0.0            0.0           2.1207        1.0690      4.4483             1.8276    0.6552           1.5948              0.0000          0.0055  76.1797
--------------------------------------------------

✅ 학습 완료 및 모델 업데이트 성공! (총 학습 데이터: 307개)
💤 다음 학습까지 3600초 대기 중...


========================================
🚀 ML 백그라운드 워커 구동 시작 (2026-04-12 15:15:34)
========================================

특징(Feature) 추출 및 스케일링 진행 중...
K-Means 모델 학습 중...

[군집화 결과 요약]
--------------------------------------------------
            for_count  while_count  if_count  switch_count  ternary_count  func_call_count  assign_count  line_count  max_nesting_depth  has_loop  loop_efficiency  has_infinite_while  execution_time    score
cluster_id                                                                                                                                                                                                     
0                 0.0          0.0    0.2120           0.0            0.0           1.0737        0.8848      2.1705             0.2120       0.0            0.000                0.00          0.0042  76.9981
1                 0.0          1.0    0.6833           0.0            0.0           1.3333        1.1500      4.2333             1.6833       1.0            1.700                0.85          0.0296  91.3627
2                 1.0          0.0    0.5455           0.0            0.0           2.2121        0.9697      3.7273             1.5455       1.0            2.803                0.00          0.0044  88.0457
--------------------------------------------------

✅ 학습 완료 및 모델 업데이트 성공! (총 학습 데이터: 310개)
💤 다음 학습까지 3600초 대기 중...

nohup: ignoring input
🔄 ML 백그라운드 워커를 시작합니다... (3600초 주기)

========================================
🚀 ML 백그라운드 워커 구동 시작 (2026-04-12 15:51:49)
========================================

특징(Feature) 추출 및 스케일링 진행 중...
K-Means 모델 학습 중...

[군집화 결과 요약]
--------------------------------------------------
            for_count  while_count  if_count  switch_count  ternary_count  func_call_count  assign_count  line_count  max_nesting_depth  has_loop  loop_efficiency  has_infinite_while  execution_time    score
cluster_id                                                                                                                                                                                                     
0                 1.0          0.0    0.5455           0.0            0.0           2.2121        0.9697      3.7273             1.5455       1.0           2.8030              0.0000          0.0044  88.0457
1                 0.0          0.0    0.2133           0.0            0.0           1.0756        0.8889      2.1956             0.2133       0.0           0.0000              0.0000          0.0042  76.1855
2                 0.0          1.0    0.6721           0.0            0.0           1.3279        1.1475      4.2131             1.6721       1.0           1.7049              0.8525          0.0291  91.3948
--------------------------------------------------

✅ 학습 완료 및 모델 업데이트 성공! (총 학습 데이터: 319개)
💤 다음 학습까지 3600초 대기 중...

nohup: ignoring input
🔄 ML 백그라운드 워커를 시작합니다... (3600초 주기)

========================================
🚀 ML 백그라운드 워커 구동 시작 (2026-04-12 16:03:41)
========================================

특징(Feature) 추출 및 스케일링 진행 중...
K-Means 모델 학습 중...

[군집화 결과 요약]
--------------------------------------------------
            for_count  while_count  if_count  switch_count  ternary_count  func_call_count  assign_count  line_count  max_nesting_depth  has_loop  loop_efficiency  has_infinite_while  execution_time    score
cluster_id                                                                                                                                                                                                     
0                 1.0          0.0    0.5455           0.0            0.0           2.2121        0.9697      3.7273             1.5455       1.0           2.8030              0.0000          0.0044  88.0457
1                 0.0          0.0    0.2133           0.0            0.0           1.0756        0.8889      2.1956             0.2133       0.0           0.0000              0.0000          0.0042  76.1855
2                 0.0          1.0    0.6721           0.0            0.0           1.3279        1.1475      4.2131             1.6721       1.0           1.7049              0.8525          0.0291  91.3948
--------------------------------------------------

✅ 학습 완료 및 모델 업데이트 성공! (총 학습 데이터: 319개)
💤 다음 학습까지 3600초 대기 중...


========================================
🚀 ML 백그라운드 워커 구동 시작 (2026-04-12 17:03:41)
========================================

특징(Feature) 추출 및 스케일링 진행 중...
K-Means 모델 학습 중...

[군집화 결과 요약]
--------------------------------------------------
            for_count  while_count  if_count  switch_count  ternary_count  func_call_count  assign_count  line_count  max_nesting_depth  has_loop  loop_efficiency  has_infinite_while  execution_time    score
cluster_id                                                                                                                                                                                                     
0              0.0000       0.0000    0.0294           0.0            0.0           0.9804        0.8775      1.9020             0.0294    0.0000           0.0000              0.0000          0.0039  78.1356
1              0.2075       0.3962    1.9245           0.0            0.0           2.1321        1.0943      5.5660             2.5283    0.6038           1.0126              0.3019          0.0048  75.2962
2              0.3188       0.6812    0.0145           0.0            0.0           1.3188        1.0435      3.1159             1.0145    1.0000           2.2729              0.6232          0.0265  91.9600
--------------------------------------------------

✅ 학습 완료 및 모델 업데이트 성공! (총 학습 데이터: 326개)
💤 다음 학습까지 3600초 대기 중...


========================================
🚀 ML 백그라운드 워커 구동 시작 (2026-04-12 18:03:41)
========================================

특징(Feature) 추출 및 스케일링 진행 중...
K-Means 모델 학습 중...

[군집화 결과 요약]
--------------------------------------------------
            for_count  while_count  if_count  switch_count  ternary_count  func_call_count  assign_count  line_count  max_nesting_depth  has_loop  loop_efficiency  has_infinite_while  execution_time    score
cluster_id                                                                                                                                                                                                     
0              0.0000       0.0000    0.0294           0.0            0.0           0.9804        0.8775      1.9020             0.0294    0.0000           0.0000              0.0000          0.0039  78.1356
1              0.5593       0.0847    1.1864           0.0            0.0           2.1186        1.0678      4.4746             1.8305    0.6441           1.5678              0.0000          0.0054  75.7922
2              0.0000       1.0000    0.5467           0.0            0.0           1.3200        1.0533      4.0800             1.5467    1.0000           1.8933              0.9467          0.0238  93.1207
--------------------------------------------------

✅ 학습 완료 및 모델 업데이트 성공! (총 학습 데이터: 338개)
💤 다음 학습까지 3600초 대기 중...


========================================
🚀 ML 백그라운드 워커 구동 시작 (2026-04-12 19:03:41)
========================================

특징(Feature) 추출 및 스케일링 진행 중...
K-Means 모델 학습 중...

[군집화 결과 요약]
--------------------------------------------------
            for_count  while_count  if_count  switch_count  ternary_count  func_call_count  assign_count  line_count  max_nesting_depth  has_loop  loop_efficiency  has_infinite_while  execution_time    score
cluster_id                                                                                                                                                                                                     
0                 0.0       0.0000    0.2133           0.0            0.0           1.0756        0.8889      2.1956             0.2133       0.0           0.0000              0.0000          0.0042  76.1855
1                 0.0       1.0000    0.6463           0.0            0.0           1.3659        1.1098      4.3293             1.6463       1.0           1.7805              0.8902          0.0222  91.8587
2                 1.0       0.0833    0.6667           0.0            0.0           2.3611        0.9722      4.2222             1.7500       1.0           2.7361              0.0833          0.0043  88.5532
--------------------------------------------------

✅ 학습 완료 및 모델 업데이트 성공! (총 학습 데이터: 343개)
💤 다음 학습까지 3600초 대기 중...


========================================
🚀 ML 백그라운드 워커 구동 시작 (2026-04-12 20:03:41)
========================================

특징(Feature) 추출 및 스케일링 진행 중...
K-Means 모델 학습 중...

[군집화 결과 요약]
--------------------------------------------------
            for_count  while_count  if_count  switch_count  ternary_count  func_call_count  assign_count  line_count  max_nesting_depth  has_loop  loop_efficiency  has_infinite_while  execution_time    score
cluster_id                                                                                                                                                                                                     
0              0.5672       0.1343    1.2239           0.0            0.0           2.1940        1.0746      4.7313             1.9254    0.6567           1.5448              0.0448          0.0287  76.0375
1              0.0000       0.0000    0.0278           0.0            0.0           0.9815        0.8843      1.9074             0.0278    0.0000           0.0000              0.0000          0.0038  76.8497
2              0.0000       1.0000    0.5658           0.0            0.0           1.3289        1.0395      4.1447             1.5658    1.0000           1.9211              0.9605          0.0027  93.4761
--------------------------------------------------

✅ 학습 완료 및 모델 업데이트 성공! (총 학습 데이터: 359개)
💤 다음 학습까지 3600초 대기 중...


========================================
🚀 ML 백그라운드 워커 구동 시작 (2026-04-12 21:03:41)
========================================

특징(Feature) 추출 및 스케일링 진행 중...
K-Means 모델 학습 중...

[군집화 결과 요약]
--------------------------------------------------
            for_count  while_count  if_count  switch_count  ternary_count  func_call_count  assign_count  line_count  max_nesting_depth  has_loop  loop_efficiency  has_infinite_while  execution_time    score
cluster_id                                                                                                                                                                                                     
0                 0.0       0.0000    0.2222           0.0            0.0           1.0823        0.8971      2.2181             0.2222       0.0           0.0000              0.0000          0.0041  74.6031
1                 0.0       1.0000    0.6627           0.0            0.0           1.3735        1.1205      4.3735             1.6627       1.0           1.7590              0.8795          0.0219  91.6253
2                 1.0       0.0769    0.6667           0.0            0.0           2.3590        0.9744      4.2051             1.7436       1.0           2.7393              0.0769          0.0041  88.2363
--------------------------------------------------

✅ 학습 완료 및 모델 업데이트 성공! (총 학습 데이터: 365개)
💤 다음 학습까지 3600초 대기 중...


========================================
🚀 ML 백그라운드 워커 구동 시작 (2026-04-12 22:03:41)
========================================

특징(Feature) 추출 및 스케일링 진행 중...
K-Means 모델 학습 중...

[군집화 결과 요약]
--------------------------------------------------
            for_count  while_count  if_count  switch_count  ternary_count  func_call_count  assign_count  line_count  max_nesting_depth  has_loop  loop_efficiency  has_infinite_while  execution_time    score
cluster_id                                                                                                                                                                                                     
0                 0.0       1.0000    0.6627           0.0            0.0           1.3735        1.1205      4.3735             1.6627       1.0           1.7590              0.8795          0.0219  91.6253
1                 0.0       0.0000    0.2267           0.0            0.0           1.0850        0.8988      2.2308             0.2267       0.0           0.0000              0.0000          0.0040  74.2787
2                 1.0       0.0714    0.6905           0.0            0.0           2.3571        1.0000      4.2619             1.7619       1.0           2.6808              0.0714          0.0039  87.7766
--------------------------------------------------

✅ 학습 완료 및 모델 업데이트 성공! (총 학습 데이터: 372개)
💤 다음 학습까지 3600초 대기 중...


========================================
🚀 ML 백그라운드 워커 구동 시작 (2026-04-12 23:03:41)
========================================

특징(Feature) 추출 및 스케일링 진행 중...
K-Means 모델 학습 중...

[군집화 결과 요약]
--------------------------------------------------
            for_count  while_count  if_count  switch_count  ternary_count  func_call_count  assign_count  line_count  max_nesting_depth  has_loop  loop_efficiency  has_infinite_while  execution_time    score
cluster_id                                                                                                                                                                                                     
0              0.5526       0.1184    1.2763           0.0            0.0           2.2368        1.0789      4.8553             1.9474    0.6316           1.4815              0.0395          0.0047  75.0550
1              0.0000       0.0000    0.0261           0.0            0.0           0.9826        0.8913      1.9130             0.0261    0.0000           0.0000              0.0000          0.0037  75.5191
2              0.0000       1.0000    0.5584           0.0            0.0           1.3247        1.0519      4.1558             1.5584    1.0000           1.8961              0.9481          0.0233  93.0942
--------------------------------------------------

✅ 학습 완료 및 모델 업데이트 성공! (총 학습 데이터: 383개)
💤 다음 학습까지 3600초 대기 중...

nohup: ignoring input
🔄 ML 백그라운드 워커를 시작합니다... (3600초 주기)

========================================
🚀 ML 백그라운드 워커 구동 시작 (2026-04-12 23:12:50)
========================================

특징(Feature) 추출 및 스케일링 진행 중...
K-Means 모델 학습 중...

[군집화 결과 요약]
--------------------------------------------------
            for_count  while_count  if_count  switch_count  ternary_count  func_call_count  assign_count  line_count  max_nesting_depth  has_loop  loop_efficiency  has_infinite_while  execution_time    score
cluster_id                                                                                                                                                                                                     
0              0.0349          1.0    0.7093           0.0            0.0           1.4651        1.1163      4.5581             1.7442       1.0           1.7674              0.8837          0.0212  91.7129
1              0.0000          0.0    0.2403           0.0            0.0           1.1047        0.9031      2.2752             0.2403       0.0           0.0000              0.0000          0.0039  73.4508
2              1.0000          0.0    0.5897           0.0            0.0           2.2308        1.0000      3.8462             1.5897       1.0           2.7332              0.0000          0.0041  87.2873
--------------------------------------------------

[군집 의미 자동 정렬]
  raw cluster 0 (score 평균 91.71) → rank 2 [효율 최적화형]
  raw cluster 1 (score 평균 73.45) → rank 0 [단순 코드형]
  raw cluster 2 (score 평균 87.29) → rank 1 [일반 학습자형]

✅ 학습 완료 및 모델 업데이트 성공! (총 학습 데이터: 383개)
💤 다음 학습까지 3600초 대기 중...


========================================
🚀 ML 백그라운드 워커 구동 시작 (2026-04-13 00:12:51)
========================================

특징(Feature) 추출 및 스케일링 진행 중...
K-Means 모델 학습 중...

[군집화 결과 요약]
--------------------------------------------------
            for_count  while_count  if_count  switch_count  ternary_count  func_call_count  assign_count  line_count  max_nesting_depth  has_loop  loop_efficiency  has_infinite_while  execution_time    score
cluster_id                                                                                                                                                                                                     
0              0.0395       1.0000    0.6447           0.0            0.0           1.4474        1.0000      4.3289             1.6842       1.0           2.0000                 1.0          0.0027  93.4745
1              0.0000       0.0000    0.2366           0.0            0.0           1.1031        0.9046      2.2710             0.2366       0.0           0.0000                 0.0          0.0039  73.1690
2              0.7959       0.2041    0.7143           0.0            0.0           2.1020        1.2041      4.3469             1.7143       1.0           2.1754                 0.0          0.0363  85.4583
--------------------------------------------------

[군집 의미 자동 정렬]
  raw cluster 0 (score 평균 93.47) → rank 2 [효율 최적화형]
  raw cluster 1 (score 평균 73.17) → rank 0 [단순 코드형]
  raw cluster 2 (score 평균 85.46) → rank 1 [일반 학습자형]

✅ 학습 완료 및 모델 업데이트 성공! (총 학습 데이터: 387개)
💤 다음 학습까지 3600초 대기 중...


========================================
🚀 ML 백그라운드 워커 구동 시작 (2026-04-13 01:12:51)
========================================

특징(Feature) 추출 및 스케일링 진행 중...
K-Means 모델 학습 중...

[군집화 결과 요약]
--------------------------------------------------
            for_count  while_count  if_count  switch_count  ternary_count  func_call_count  assign_count  line_count  max_nesting_depth  has_loop  loop_efficiency  has_infinite_while  execution_time    score
cluster_id                                                                                                                                                                                                     
0              0.0000       0.0000    0.2481           0.0            0.0           1.1090        0.9060      2.2895             0.2481       0.0           0.0000                 0.0          0.0039  72.8881
1              0.0395       1.0000    0.6447           0.0            0.0           1.4474        1.0000      4.3289             1.6842       1.0           2.0000                 1.0          0.0027  93.4745
2              0.8039       0.1961    0.7255           0.0            0.0           2.1176        1.1961      4.3529             1.7255       1.0           2.1881                 0.0          0.0350  85.4072
--------------------------------------------------

[군집 의미 자동 정렬]
  raw cluster 0 (score 평균 72.89) → rank 0 [단순 코드형]
  raw cluster 1 (score 평균 93.47) → rank 2 [효율 최적화형]
  raw cluster 2 (score 평균 85.41) → rank 1 [일반 학습자형]

✅ 학습 완료 및 모델 업데이트 성공! (총 학습 데이터: 393개)
💤 다음 학습까지 3600초 대기 중...


========================================
🚀 ML 백그라운드 워커 구동 시작 (2026-04-13 02:12:51)
========================================

특징(Feature) 추출 및 스케일링 진행 중...
K-Means 모델 학습 중...

[군집화 결과 요약]
--------------------------------------------------
            for_count  while_count  if_count  switch_count  ternary_count  func_call_count  assign_count  line_count  max_nesting_depth  has_loop  loop_efficiency  has_infinite_while  execution_time    score
cluster_id                                                                                                                                                                                                     
0              0.0000       0.0000    0.2481           0.0            0.0           1.1090        0.9060      2.2895             0.2481       0.0           0.0000                 0.0          0.0039  72.8881
1              0.0395       1.0000    0.6447           0.0            0.0           1.4474        1.0000      4.3289             1.6842       1.0           2.0000                 1.0          0.0027  93.4745
2              0.8039       0.1961    0.7255           0.0            0.0           2.1176        1.1961      4.3529             1.7255       1.0           2.1881                 0.0          0.0350  85.4072
--------------------------------------------------

[군집 의미 자동 정렬]
  raw cluster 0 (score 평균 72.89) → rank 0 [단순 코드형]
  raw cluster 1 (score 평균 93.47) → rank 2 [효율 최적화형]
  raw cluster 2 (score 평균 85.41) → rank 1 [일반 학습자형]

✅ 학습 완료 및 모델 업데이트 성공! (총 학습 데이터: 393개)
💤 다음 학습까지 3600초 대기 중...


========================================
🚀 ML 백그라운드 워커 구동 시작 (2026-04-13 03:12:51)
========================================

특징(Feature) 추출 및 스케일링 진행 중...
K-Means 모델 학습 중...

[군집화 결과 요약]
--------------------------------------------------
            for_count  while_count  if_count  switch_count  ternary_count  func_call_count  assign_count  line_count  max_nesting_depth  has_loop  loop_efficiency  has_infinite_while  execution_time    score
cluster_id                                                                                                                                                                                                     
0              0.0000       0.0000    0.2481           0.0            0.0           1.1090        0.9060      2.2895             0.2481       0.0           0.0000                 0.0          0.0039  72.8881
1              0.0395       1.0000    0.6447           0.0            0.0           1.4474        1.0000      4.3289             1.6842       1.0           2.0000                 1.0          0.0027  93.4745
2              0.8039       0.1961    0.7255           0.0            0.0           2.1176        1.1961      4.3529             1.7255       1.0           2.1881                 0.0          0.0350  85.4072
--------------------------------------------------

[군집 의미 자동 정렬]
  raw cluster 0 (score 평균 72.89) → rank 0 [단순 코드형]
  raw cluster 1 (score 평균 93.47) → rank 2 [효율 최적화형]
  raw cluster 2 (score 평균 85.41) → rank 1 [일반 학습자형]

✅ 학습 완료 및 모델 업데이트 성공! (총 학습 데이터: 393개)
💤 다음 학습까지 3600초 대기 중...


========================================
🚀 ML 백그라운드 워커 구동 시작 (2026-04-13 04:12:51)
========================================

특징(Feature) 추출 및 스케일링 진행 중...
K-Means 모델 학습 중...

[군집화 결과 요약]
--------------------------------------------------
            for_count  while_count  if_count  switch_count  ternary_count  func_call_count  assign_count  line_count  max_nesting_depth  has_loop  loop_efficiency  has_infinite_while  execution_time    score
cluster_id                                                                                                                                                                                                     
0              0.0000       0.0000    0.2481           0.0            0.0           1.1090        0.9060      2.2895             0.2481       0.0           0.0000                 0.0          0.0039  72.8881
1              0.0395       1.0000    0.6447           0.0            0.0           1.4474        1.0000      4.3289             1.6842       1.0           2.0000                 1.0          0.0027  93.4745
2              0.8039       0.1961    0.7255           0.0            0.0           2.1176        1.1961      4.3529             1.7255       1.0           2.1881                 0.0          0.0350  85.4072
--------------------------------------------------

[군집 의미 자동 정렬]
  raw cluster 0 (score 평균 72.89) → rank 0 [단순 코드형]
  raw cluster 1 (score 평균 93.47) → rank 2 [효율 최적화형]
  raw cluster 2 (score 평균 85.41) → rank 1 [일반 학습자형]

✅ 학습 완료 및 모델 업데이트 성공! (총 학습 데이터: 393개)
💤 다음 학습까지 3600초 대기 중...


========================================
🚀 ML 백그라운드 워커 구동 시작 (2026-04-13 05:12:51)
========================================

특징(Feature) 추출 및 스케일링 진행 중...
K-Means 모델 학습 중...

[군집화 결과 요약]
--------------------------------------------------
            for_count  while_count  if_count  switch_count  ternary_count  func_call_count  assign_count  line_count  max_nesting_depth  has_loop  loop_efficiency  has_infinite_while  execution_time    score
cluster_id                                                                                                                                                                                                     
0              0.0000       0.0000    0.2481           0.0            0.0           1.1090        0.9060      2.2895             0.2481       0.0           0.0000                 0.0          0.0039  72.8881
1              0.0395       1.0000    0.6447           0.0            0.0           1.4474        1.0000      4.3289             1.6842       1.0           2.0000                 1.0          0.0027  93.4745
2              0.8039       0.1961    0.7255           0.0            0.0           2.1176        1.1961      4.3529             1.7255       1.0           2.1881                 0.0          0.0350  85.4072
--------------------------------------------------

[군집 의미 자동 정렬]
  raw cluster 0 (score 평균 72.89) → rank 0 [단순 코드형]
  raw cluster 1 (score 평균 93.47) → rank 2 [효율 최적화형]
  raw cluster 2 (score 평균 85.41) → rank 1 [일반 학습자형]

✅ 학습 완료 및 모델 업데이트 성공! (총 학습 데이터: 393개)
💤 다음 학습까지 3600초 대기 중...


========================================
🚀 ML 백그라운드 워커 구동 시작 (2026-04-13 06:12:51)
========================================

특징(Feature) 추출 및 스케일링 진행 중...
K-Means 모델 학습 중...

[군집화 결과 요약]
--------------------------------------------------
            for_count  while_count  if_count  switch_count  ternary_count  func_call_count  assign_count  line_count  max_nesting_depth  has_loop  loop_efficiency  has_infinite_while  execution_time    score
cluster_id                                                                                                                                                                                                     
0              0.0000       0.0000    0.2481           0.0            0.0           1.1090        0.9060      2.2895             0.2481       0.0           0.0000                 0.0          0.0039  72.8881
1              0.0395       1.0000    0.6447           0.0            0.0           1.4474        1.0000      4.3289             1.6842       1.0           2.0000                 1.0          0.0027  93.4745
2              0.8039       0.1961    0.7255           0.0            0.0           2.1176        1.1961      4.3529             1.7255       1.0           2.1881                 0.0          0.0350  85.4072
--------------------------------------------------

[군집 의미 자동 정렬]
  raw cluster 0 (score 평균 72.89) → rank 0 [단순 코드형]
  raw cluster 1 (score 평균 93.47) → rank 2 [효율 최적화형]
  raw cluster 2 (score 평균 85.41) → rank 1 [일반 학습자형]

✅ 학습 완료 및 모델 업데이트 성공! (총 학습 데이터: 393개)
💤 다음 학습까지 3600초 대기 중...


========================================
🚀 ML 백그라운드 워커 구동 시작 (2026-04-13 07:12:51)
========================================

특징(Feature) 추출 및 스케일링 진행 중...
K-Means 모델 학습 중...

[군집화 결과 요약]
--------------------------------------------------
            for_count  while_count  if_count  switch_count  ternary_count  func_call_count  assign_count  line_count  max_nesting_depth  has_loop  loop_efficiency  has_infinite_while  execution_time    score
cluster_id                                                                                                                                                                                                     
0              0.0000       0.0000    0.2481           0.0            0.0           1.1090        0.9060      2.2895             0.2481       0.0           0.0000                 0.0          0.0039  72.8881
1              0.0395       1.0000    0.6447           0.0            0.0           1.4474        1.0000      4.3289             1.6842       1.0           2.0000                 1.0          0.0027  93.4745
2              0.8039       0.1961    0.7255           0.0            0.0           2.1176        1.1961      4.3529             1.7255       1.0           2.1881                 0.0          0.0350  85.4072
--------------------------------------------------

[군집 의미 자동 정렬]
  raw cluster 0 (score 평균 72.89) → rank 0 [단순 코드형]
  raw cluster 1 (score 평균 93.47) → rank 2 [효율 최적화형]
  raw cluster 2 (score 평균 85.41) → rank 1 [일반 학습자형]

✅ 학습 완료 및 모델 업데이트 성공! (총 학습 데이터: 393개)
💤 다음 학습까지 3600초 대기 중...


========================================
🚀 ML 백그라운드 워커 구동 시작 (2026-04-13 08:12:51)
========================================

특징(Feature) 추출 및 스케일링 진행 중...
K-Means 모델 학습 중...

[군집화 결과 요약]
--------------------------------------------------
            for_count  while_count  if_count  switch_count  ternary_count  func_call_count  assign_count  line_count  max_nesting_depth  has_loop  loop_efficiency  has_infinite_while  execution_time    score
cluster_id                                                                                                                                                                                                     
0              0.0000       0.0000    0.2481           0.0            0.0           1.1090        0.9060      2.2895             0.2481       0.0           0.0000                 0.0          0.0039  72.8881
1              0.0395       1.0000    0.6447           0.0            0.0           1.4474        1.0000      4.3289             1.6842       1.0           2.0000                 1.0          0.0027  93.4745
2              0.8039       0.1961    0.7255           0.0            0.0           2.1176        1.1961      4.3529             1.7255       1.0           2.1881                 0.0          0.0350  85.4072
--------------------------------------------------

[군집 의미 자동 정렬]
  raw cluster 0 (score 평균 72.89) → rank 0 [단순 코드형]
  raw cluster 1 (score 평균 93.47) → rank 2 [효율 최적화형]
  raw cluster 2 (score 평균 85.41) → rank 1 [일반 학습자형]

✅ 학습 완료 및 모델 업데이트 성공! (총 학습 데이터: 393개)
💤 다음 학습까지 3600초 대기 중...


========================================
🚀 ML 백그라운드 워커 구동 시작 (2026-04-13 09:12:51)
========================================

특징(Feature) 추출 및 스케일링 진행 중...
K-Means 모델 학습 중...

[군집화 결과 요약]
--------------------------------------------------
            for_count  while_count  if_count  switch_count  ternary_count  func_call_count  assign_count  line_count  max_nesting_depth  has_loop  loop_efficiency  has_infinite_while  execution_time    score
cluster_id                                                                                                                                                                                                     
0              0.0000       0.0000    0.2481           0.0            0.0           1.1090        0.9060      2.2895             0.2481       0.0           0.0000                 0.0          0.0039  72.8881
1              0.0395       1.0000    0.6447           0.0            0.0           1.4474        1.0000      4.3289             1.6842       1.0           2.0000                 1.0          0.0027  93.4745
2              0.8039       0.1961    0.7255           0.0            0.0           2.1176        1.1961      4.3529             1.7255       1.0           2.1881                 0.0          0.0350  85.4072
--------------------------------------------------

[군집 의미 자동 정렬]
  raw cluster 0 (score 평균 72.89) → rank 0 [단순 코드형]
  raw cluster 1 (score 평균 93.47) → rank 2 [효율 최적화형]
  raw cluster 2 (score 평균 85.41) → rank 1 [일반 학습자형]

✅ 학습 완료 및 모델 업데이트 성공! (총 학습 데이터: 393개)
💤 다음 학습까지 3600초 대기 중...


========================================
🚀 ML 백그라운드 워커 구동 시작 (2026-04-13 10:12:51)
========================================

특징(Feature) 추출 및 스케일링 진행 중...
K-Means 모델 학습 중...

[군집화 결과 요약]
--------------------------------------------------
            for_count  while_count  if_count  switch_count  ternary_count  func_call_count  assign_count  line_count  max_nesting_depth  has_loop  loop_efficiency  has_infinite_while  execution_time    score
cluster_id                                                                                                                                                                                                     
0              0.0000       0.0000    0.2481           0.0            0.0           1.1090        0.9060      2.2895             0.2481       0.0           0.0000                 0.0          0.0039  72.8881
1              0.0395       1.0000    0.6447           0.0            0.0           1.4474        1.0000      4.3289             1.6842       1.0           2.0000                 1.0          0.0027  93.4745
2              0.8039       0.1961    0.7255           0.0            0.0           2.1176        1.1961      4.3529             1.7255       1.0           2.1881                 0.0          0.0350  85.4072
--------------------------------------------------

[군집 의미 자동 정렬]
  raw cluster 0 (score 평균 72.89) → rank 0 [단순 코드형]
  raw cluster 1 (score 평균 93.47) → rank 2 [효율 최적화형]
  raw cluster 2 (score 평균 85.41) → rank 1 [일반 학습자형]

✅ 학습 완료 및 모델 업데이트 성공! (총 학습 데이터: 393개)
💤 다음 학습까지 3600초 대기 중...


========================================
🚀 ML 백그라운드 워커 구동 시작 (2026-04-13 11:12:51)
========================================

특징(Feature) 추출 및 스케일링 진행 중...
K-Means 모델 학습 중...

[군집화 결과 요약]
--------------------------------------------------
            for_count  while_count  if_count  switch_count  ternary_count  func_call_count  assign_count  line_count  max_nesting_depth  has_loop  loop_efficiency  has_infinite_while  execution_time    score
cluster_id                                                                                                                                                                                                     
0              0.0000       0.0000    0.2481           0.0            0.0           1.1090        0.9060      2.2895             0.2481       0.0           0.0000                 0.0          0.0039  72.8881
1              0.0395       1.0000    0.6447           0.0            0.0           1.4474        1.0000      4.3289             1.6842       1.0           2.0000                 1.0          0.0027  93.4745
2              0.8039       0.1961    0.7255           0.0            0.0           2.1176        1.1961      4.3529             1.7255       1.0           2.1881                 0.0          0.0350  85.4072
--------------------------------------------------

[군집 의미 자동 정렬]
  raw cluster 0 (score 평균 72.89) → rank 0 [단순 코드형]
  raw cluster 1 (score 평균 93.47) → rank 2 [효율 최적화형]
  raw cluster 2 (score 평균 85.41) → rank 1 [일반 학습자형]

✅ 학습 완료 및 모델 업데이트 성공! (총 학습 데이터: 393개)
💤 다음 학습까지 3600초 대기 중...


========================================
🚀 ML 백그라운드 워커 구동 시작 (2026-04-13 12:12:51)
========================================

특징(Feature) 추출 및 스케일링 진행 중...
K-Means 모델 학습 중...

[군집화 결과 요약]
--------------------------------------------------
            for_count  while_count  if_count  switch_count  ternary_count  func_call_count  assign_count  line_count  max_nesting_depth  has_loop  loop_efficiency  has_infinite_while  execution_time    score
cluster_id                                                                                                                                                                                                     
0              0.0000       0.0000    0.2481           0.0            0.0           1.1090        0.9060      2.2895             0.2481       0.0           0.0000                 0.0          0.0039  72.8881
1              0.0395       1.0000    0.6447           0.0            0.0           1.4474        1.0000      4.3289             1.6842       1.0           2.0000                 1.0          0.0027  93.4745
2              0.8039       0.1961    0.7255           0.0            0.0           2.1176        1.1961      4.3529             1.7255       1.0           2.1881                 0.0          0.0350  85.4072
--------------------------------------------------

[군집 의미 자동 정렬]
  raw cluster 0 (score 평균 72.89) → rank 0 [단순 코드형]
  raw cluster 1 (score 평균 93.47) → rank 2 [효율 최적화형]
  raw cluster 2 (score 평균 85.41) → rank 1 [일반 학습자형]

✅ 학습 완료 및 모델 업데이트 성공! (총 학습 데이터: 393개)
💤 다음 학습까지 3600초 대기 중...


========================================
🚀 ML 백그라운드 워커 구동 시작 (2026-04-13 13:12:51)
========================================

특징(Feature) 추출 및 스케일링 진행 중...
K-Means 모델 학습 중...

[군집화 결과 요약]
--------------------------------------------------
            for_count  while_count  if_count  switch_count  ternary_count  func_call_count  assign_count  line_count  max_nesting_depth  has_loop  loop_efficiency  has_infinite_while  execution_time    score
cluster_id                                                                                                                                                                                                     
0              0.0000       0.0000    0.2481           0.0            0.0           1.1090        0.9060      2.2895             0.2481       0.0           0.0000                 0.0          0.0039  72.8881
1              0.0395       1.0000    0.6447           0.0            0.0           1.4474        1.0000      4.3289             1.6842       1.0           2.0000                 1.0          0.0027  93.4745
2              0.8039       0.1961    0.7255           0.0            0.0           2.1176        1.1961      4.3529             1.7255       1.0           2.1881                 0.0          0.0350  85.4072
--------------------------------------------------

[군집 의미 자동 정렬]
  raw cluster 0 (score 평균 72.89) → rank 0 [단순 코드형]
  raw cluster 1 (score 평균 93.47) → rank 2 [효율 최적화형]
  raw cluster 2 (score 평균 85.41) → rank 1 [일반 학습자형]

✅ 학습 완료 및 모델 업데이트 성공! (총 학습 데이터: 393개)
💤 다음 학습까지 3600초 대기 중...


========================================
🚀 ML 백그라운드 워커 구동 시작 (2026-04-13 14:12:51)
========================================

특징(Feature) 추출 및 스케일링 진행 중...
K-Means 모델 학습 중...

[군집화 결과 요약]
--------------------------------------------------
            for_count  while_count  if_count  switch_count  ternary_count  func_call_count  assign_count  line_count  max_nesting_depth  has_loop  loop_efficiency  has_infinite_while  execution_time    score
cluster_id                                                                                                                                                                                                     
0              0.0000       0.0000    0.2481           0.0            0.0           1.1090        0.9060      2.2895             0.2481       0.0           0.0000                 0.0          0.0039  72.8881
1              0.0395       1.0000    0.6447           0.0            0.0           1.4474        1.0000      4.3289             1.6842       1.0           2.0000                 1.0          0.0027  93.4745
2              0.8039       0.1961    0.7255           0.0            0.0           2.1176        1.1961      4.3529             1.7255       1.0           2.1881                 0.0          0.0350  85.4072
--------------------------------------------------

[군집 의미 자동 정렬]
  raw cluster 0 (score 평균 72.89) → rank 0 [단순 코드형]
  raw cluster 1 (score 평균 93.47) → rank 2 [효율 최적화형]
  raw cluster 2 (score 평균 85.41) → rank 1 [일반 학습자형]

✅ 학습 완료 및 모델 업데이트 성공! (총 학습 데이터: 393개)
💤 다음 학습까지 3600초 대기 중...


========================================
🚀 ML 백그라운드 워커 구동 시작 (2026-04-13 15:12:51)
========================================

특징(Feature) 추출 및 스케일링 진행 중...
K-Means 모델 학습 중...

[군집화 결과 요약]
--------------------------------------------------
            for_count  while_count  if_count  switch_count  ternary_count  func_call_count  assign_count  line_count  max_nesting_depth  has_loop  loop_efficiency  has_infinite_while  execution_time    score
cluster_id                                                                                                                                                                                                     
0              0.0000       0.0000    0.2481           0.0            0.0           1.1090        0.9060      2.2895             0.2481       0.0           0.0000                 0.0          0.0039  72.8881
1              0.0395       1.0000    0.6447           0.0            0.0           1.4474        1.0000      4.3289             1.6842       1.0           2.0000                 1.0          0.0027  93.4745
2              0.8039       0.1961    0.7255           0.0            0.0           2.1176        1.1961      4.3529             1.7255       1.0           2.1881                 0.0          0.0350  85.4072
--------------------------------------------------

[군집 의미 자동 정렬]
  raw cluster 0 (score 평균 72.89) → rank 0 [단순 코드형]
  raw cluster 1 (score 평균 93.47) → rank 2 [효율 최적화형]
  raw cluster 2 (score 평균 85.41) → rank 1 [일반 학습자형]

✅ 학습 완료 및 모델 업데이트 성공! (총 학습 데이터: 393개)
💤 다음 학습까지 3600초 대기 중...


========================================
🚀 ML 백그라운드 워커 구동 시작 (2026-04-13 16:12:52)
========================================

특징(Feature) 추출 및 스케일링 진행 중...
K-Means 모델 학습 중...

[군집화 결과 요약]
--------------------------------------------------
            for_count  while_count  if_count  switch_count  ternary_count  func_call_count  assign_count  line_count  max_nesting_depth  has_loop  loop_efficiency  has_infinite_while  execution_time    score
cluster_id                                                                                                                                                                                                     
0              0.0000       0.0000    0.2481           0.0            0.0           1.1090        0.9060      2.2895             0.2481       0.0           0.0000                 0.0          0.0039  72.8881
1              0.0395       1.0000    0.6447           0.0            0.0           1.4474        1.0000      4.3289             1.6842       1.0           2.0000                 1.0          0.0027  93.4745
2              0.8039       0.1961    0.7255           0.0            0.0           2.1176        1.1961      4.3529             1.7255       1.0           2.1881                 0.0          0.0350  85.4072
--------------------------------------------------

[군집 의미 자동 정렬]
  raw cluster 0 (score 평균 72.89) → rank 0 [단순 코드형]
  raw cluster 1 (score 평균 93.47) → rank 2 [효율 최적화형]
  raw cluster 2 (score 평균 85.41) → rank 1 [일반 학습자형]

✅ 학습 완료 및 모델 업데이트 성공! (총 학습 데이터: 393개)
💤 다음 학습까지 3600초 대기 중...


========================================
🚀 ML 백그라운드 워커 구동 시작 (2026-04-13 17:12:52)
========================================

특징(Feature) 추출 및 스케일링 진행 중...
K-Means 모델 학습 중...

[군집화 결과 요약]
--------------------------------------------------
            for_count  while_count  if_count  switch_count  ternary_count  func_call_count  assign_count  line_count  max_nesting_depth  has_loop  loop_efficiency  has_infinite_while  execution_time    score
cluster_id                                                                                                                                                                                                     
0              0.0000       0.0000    0.2481           0.0            0.0           1.1090        0.9060      2.2895             0.2481       0.0           0.0000                 0.0          0.0039  72.8881
1              0.0395       1.0000    0.6447           0.0            0.0           1.4474        1.0000      4.3289             1.6842       1.0           2.0000                 1.0          0.0027  93.4745
2              0.8039       0.1961    0.7255           0.0            0.0           2.1176        1.1961      4.3529             1.7255       1.0           2.1881                 0.0          0.0350  85.4072
--------------------------------------------------

[군집 의미 자동 정렬]
  raw cluster 0 (score 평균 72.89) → rank 0 [단순 코드형]
  raw cluster 1 (score 평균 93.47) → rank 2 [효율 최적화형]
  raw cluster 2 (score 평균 85.41) → rank 1 [일반 학습자형]

✅ 학습 완료 및 모델 업데이트 성공! (총 학습 데이터: 393개)
💤 다음 학습까지 3600초 대기 중...


========================================
🚀 ML 백그라운드 워커 구동 시작 (2026-04-13 18:12:52)
========================================

특징(Feature) 추출 및 스케일링 진행 중...
K-Means 모델 학습 중...

[군집화 결과 요약]
--------------------------------------------------
            for_count  while_count  if_count  switch_count  ternary_count  func_call_count  assign_count  line_count  max_nesting_depth  has_loop  loop_efficiency  has_infinite_while  execution_time    score
cluster_id                                                                                                                                                                                                     
0              0.0000       0.0000    0.2454           0.0            0.0           1.1078        0.9071      2.2862             0.2454       0.0           0.0000                 0.0          0.0038  72.6885
1              0.0380       1.0000    0.6709           0.0            0.0           1.4557        1.0000      4.3544             1.7089       1.0           2.0000                 1.0          0.0027  93.4686
2              0.8039       0.1961    0.7255           0.0            0.0           2.1176        1.1961      4.3529             1.7255       1.0           2.1881                 0.0          0.0350  85.4072
--------------------------------------------------

[군집 의미 자동 정렬]
  raw cluster 0 (score 평균 72.69) → rank 0 [단순 코드형]
  raw cluster 1 (score 평균 93.47) → rank 2 [효율 최적화형]
  raw cluster 2 (score 평균 85.41) → rank 1 [일반 학습자형]

✅ 학습 완료 및 모델 업데이트 성공! (총 학습 데이터: 399개)
💤 다음 학습까지 3600초 대기 중...

